{"type":"FeatureCollection","features":[{"type":"Feature","id":"54c05780-b005-44e4-b853-727901c0617d","geometry":{"type":"Polygon","coordinates":[[[2397, 11679],[2397, 11717],[2397, 11812],[2397, 11888],[2397, 11926],[2397, 11945],[2397, 12002],[2397, 12040],[2397, 12116],[2397, 12211],[2397, 12267],[2397, 12305],[2397, 12362],[2397, 12400],[2405.71, 12489.55],[2410, 12556],[2416, 12592],[2416, 12609],[2416, 12647],[2416, 12704],[2416, 12761],[2416, 12799],[2416, 12894],[2416, 12951],[2418.99, 12981.72],[2418, 13008],[2427.27, 13066.79],[2434, 13136],[2442.69, 13164.64],[2447, 13192],[2464.46, 13238.73],[2471, 13306],[2472, 13309.3],[2472, 13311],[2490, 13496],[2544, 13674],[2632, 13838],[2750, 13982],[2769, 14001],[2913, 14119],[3077, 14207],[3255, 14261],[3308.69, 14266.22],[3308.77, 14266.23],[3340, 14271],[3399, 14277],[3430.1, 14278.04],[3440, 14279],[3459, 14279],[3519, 14277],[3578, 14271],[3637, 14262],[3639.51, 14261.44],[3644, 14261],[3651.18, 14258.82],[3695, 14249],[3752, 14232],[3808, 14212],[3814.56, 14209.26],[3822, 14207],[3829.22, 14203.13],[3863, 14189],[3916, 14161],[3967, 14131],[3981.62, 14121.35],[3986, 14119],[3989.39, 14116.22],[4017, 14098],[4064, 14061],[4109, 14022],[4130, 14001],[4151, 13980],[4190, 13935],[4227, 13888],[4245.22, 13860.39],[4248, 13857],[4250.35, 13852.62],[4260, 13838],[4290, 13787],[4318, 13734],[4332.13, 13700.22],[4336, 13693],[4338.26, 13685.56],[4341, 13679],[4361, 13623],[4378, 13566],[4387.82, 13522.18],[4390, 13515],[4390.44, 13510.51],[4391, 13508],[4400, 13449],[4406, 13390],[4408, 13330],[4406, 13270],[4400, 13211],[4391, 13152],[4390.44, 13149.49],[4390, 13145],[4387.82, 13137.82],[4378, 13094],[4361, 13037],[4357.05, 13025.95],[4352, 12974],[4347.07, 12957.75],[4339.74, 12911.23],[4333, 12842],[4324.31, 12813.36],[4320, 12786],[4314, 12769.93],[4314, 12761],[4314, 12704],[4314, 12647],[4314, 12609],[4314, 12514],[4305.29, 12424.45],[4301, 12358],[4295, 12322],[4295, 12305],[4295, 12267],[4295, 12211],[4295, 12116],[4295, 12040],[4295, 12002],[4295, 11945],[4295, 11926],[4295, 11888],[4295, 11837.22],[4303, 11815],[4305.97, 11795.46],[4314, 11769],[4319.6, 11711.43],[4371, 11542],[4371.76, 11534.21],[4377, 11507.99],[4378, 11505],[4379.58, 11498],[4393, 11473],[4403.91, 11437.05],[4416, 11410],[4427.46, 11359.41],[4447, 11295],[4449.87, 11265.52],[4454.49, 11247.02],[4459.64, 11233.53],[4459.64, 11233.52],[4533, 11144],[4621, 10980],[4622.81, 10974.04],[4640, 10942],[4694, 10764],[4712, 10579],[4694, 10394],[4640, 10216],[4552, 10052],[4434, 9908],[4290, 9790],[4126, 9702],[3948, 9648],[3763, 9630],[3744, 9630],[3559, 9648],[3381, 9702],[3217, 9790],[3073, 9908],[3015.59, 9978.06],[2940, 10040],[2822, 10184],[2734, 10348],[2718.93, 10397.68],[2718.93, 10397.69],[2715, 10405],[2713.19, 10410.96],[2696, 10443],[2642, 10621],[2640.08, 10640.68],[2623, 10697],[2619.67, 10731.21],[2601, 10766],[2590.1, 10801.94],[2578, 10829],[2566.54, 10879.59],[2547, 10944],[2543.27, 10982.32],[2537, 11010],[2536.23, 11038.59],[2530.31, 11058.11],[2525.17, 11071.28],[2506, 11107],[2487.93, 11166.55],[2469, 11215],[2463.24, 11247.96],[2452, 11285],[2446.02, 11346.39],[2437, 11398],[2437.29, 11411.5],[2431, 11428],[2425.98, 11457.82],[2415, 11494],[2408.33, 11562.56],[2400, 11612],[2400.76, 11640.34],[2397, 11679]]]},"properties":{"objectType":"annotation","classification":{"name":"Other","color":[255, 200, 0]}}},{"type":"Feature","id":"608dd353-8304-428c-adb0-a5cc169fbb32","geometry":{"type":"Polygon","coordinates":[[[6020, 14771],[6020, 14781],[6020, 14792],[6020, 14808],[6020, 14812],[6020, 14833],[6023.68, 14870.5],[6026, 14910],[6028.55, 14920.19],[6030, 14935],[6044.5, 14984],[6051, 15010],[6054.25, 15016.96],[6059, 15033],[6078.43, 15068.69],[6094, 15102],[6103.17, 15114.13],[6108, 15123],[6131.17, 15151.16],[6156, 15184],[6166, 15195],[6170.9, 15199.45],[6173, 15202],[6175.93, 15204.41],[6183, 15213],[6213.18, 15237.83],[6242, 15264],[6252.91, 15270.52],[6262, 15278],[6300.42, 15298.92],[6329, 15316],[6337.29, 15318.99],[6352, 15327],[6393.61, 15339.31],[6426, 15351],[6440.26, 15353.12],[6450, 15356],[6478.44, 15358.79],[6527, 15366],[6543.67, 15365.18],[6552, 15366],[6584, 15366],[6585.89, 15365.81],[6588, 15366],[6628, 15361.69],[6686, 15356],[6689.02, 15355.11],[6690, 15355],[6708, 15349.49],[6784, 15327],[6787.25, 15325.23],[6788, 15325],[6878, 15276],[6905.27, 15252.93],[6909, 15251],[6916.16, 15246.38],[6958, 15234],[6958.47, 15233.75],[6961, 15233],[7006.64, 15208.15],[7029, 15200],[7045.11, 15190.19],[7057, 15185],[7082.31, 15167.52],[7116, 15147],[7148.63, 15122.53],[7157.67, 15118.69],[7160, 15118],[7162.51, 15116.63],[7164, 15116],[7254, 15067],[7264.87, 15057.92],[7300, 15043],[7329.19, 15027.11],[7356, 15015],[7429, 14973],[7436.25, 14967.82],[7446, 14963],[7529, 14911],[7550.05, 14894.63],[7569, 14883],[7591.43, 14865.91],[7642, 14833],[7645, 14830.6],[7648, 14829],[7742, 14766],[7772.89, 14740.58],[7776.99, 14737.67],[7803.71, 14725.18],[7837, 14712],[7849.43, 14703.81],[7864, 14697],[7916, 14666],[7939.38, 14648.81],[7959, 14637],[7985.84, 14617.19],[7988, 14616],[7991.35, 14613.12],[8001, 14606],[8033.62, 14576.81],[8066, 14549],[8074.27, 14540.46],[8086.38, 14529.76],[8139.75, 14497.01],[8168, 14480],[8170.56, 14478.11],[8174, 14476],[8176.36, 14473.83],[8252, 14418],[8268.12, 14403.58],[8283, 14393],[8356, 14330],[8391.96, 14298.97],[8407, 14290],[8416.56, 14282.97],[8428, 14277],[8459.38, 14251.5],[8490, 14229],[8498.22, 14219.95],[8508, 14212],[8613, 14108],[8614.73, 14105.89],[8617, 14104],[8680.39, 14039.85],[8742, 13992],[8761.5, 13973.8],[8785, 13955],[8817, 13924],[8835.27, 13902.73],[8857, 13881],[8946.82, 13772.18],[9021, 13698],[9039.36, 13675.69],[9068, 13645],[9100.05, 13602.78],[9143, 13565],[9148.3, 13559.32],[9159, 13551],[9187.47, 13517.35],[9213, 13490],[9219.56, 13479.42],[9225, 13473],[9250.06, 13437.33],[9254, 13434],[9310.06, 13377.03],[9339, 13349],[9342.11, 13345.37],[9345, 13343],[9387, 13301],[9428, 13260],[9443.8, 13240.8],[9465, 13219],[9478.53, 13198.59],[9485.28, 13190.38],[9505, 13178],[9518.94, 13164.8],[9535, 13153],[9556.97, 13128.81],[9580, 13107],[9591.68, 13090.57],[9604, 13077],[9608.67, 13069.33],[9627, 13051],[9633.08, 13043.6],[9636.67, 13039.65],[9644, 13033],[9649.33, 13027.13],[9652, 13025],[9669.26, 13008.28],[9671, 13007],[9674.06, 13003.63],[9684, 12994],[9705.02, 12969.52],[9740, 12931],[9744.6, 12923.45],[9751, 12916],[9765.68, 12889.33],[9775, 12878],[9782.68, 12863.89],[9792, 12851],[9800.21, 12833.26],[9807, 12825],[9817.68, 12805.39],[9818, 12805],[9860, 12742],[9881.17, 12701.87],[9900, 12670],[9903.67, 12659.2],[9908, 12651],[9918.26, 12616.32],[9928.72, 12585.58],[9939.32, 12561.85],[9954, 12538],[9974.24, 12496.62],[9992, 12464],[9994.76, 12454.66],[9999, 12446],[10012.2, 12395.73],[10021, 12366],[10021.59, 12359.99],[10025, 12347],[10026.1, 12328.09],[10038, 12274],[10040.97, 12249.08],[10062, 12178],[10062.23, 12175.62],[10063, 12173],[10067.59, 12121],[10072, 12076],[10072, 12071],[10072, 12065],[10072, 12034],[10072, 12003],[10072, 11988.18],[10077, 11955],[10079.47, 11913],[10083, 11877],[10083, 11853],[10083, 11846],[10083, 11773],[10083, 11742],[10083, 11700],[10083, 11695],[10083, 11668],[10080.35, 11641],[10078, 11593],[10074.13, 11577.52],[10073, 11566],[10061.72, 11527.89],[10053, 11493],[10042, 11462],[10037.63, 11452.66],[10033, 11437],[10024.71, 11421.77],[10023, 11416],[10005.33, 11383.55],[10005.31, 11383.52],[9999, 11370],[9994.97, 11364.51],[9974, 11326],[9909, 11247],[9830, 11182],[9788.22, 11159.25],[9786, 11153],[9784, 11148.4],[9783, 11145],[9780.71, 11140.8],[9773, 11123],[9758, 11093],[9741, 11065],[9723, 11038],[9702, 11012],[9681, 10987],[9658, 10964],[9633, 10943],[9607, 10922],[9580, 10904],[9552, 10887],[9522, 10872],[9504.2, 10864.29],[9500, 10862],[9496.6, 10861],[9492, 10859],[9461, 10848],[9430, 10839],[9398, 10832],[9365, 10827],[9333, 10824],[9300, 10823],[9267, 10824],[9235, 10827],[9202, 10832],[9170, 10839],[9139, 10848],[9108, 10859],[9103.4, 10861],[9100, 10862],[9095.8, 10864.29],[9078, 10872],[9048, 10887],[9020, 10904],[8993, 10922],[8967, 10943],[8942, 10964],[8919, 10987],[8898, 11012],[8877, 11038],[8859, 11065],[8842, 11093],[8827, 11123],[8819.29, 11140.8],[8817, 11145],[8816, 11148.4],[8814, 11153],[8803, 11184],[8794, 11215],[8787, 11247],[8785.78, 11255.04],[8785.43, 11255.92],[8771, 11289],[8766.16, 11304.01],[8742, 11346],[8726.51, 11380.3],[8722.81, 11387.39],[8706, 11413],[8699.9, 11424.81],[8699, 11426],[8624.16, 11547.17],[8576.8, 11614.65],[8557, 11635],[8393.05, 11840.19],[8338, 11905],[8324.06, 11925.19],[8302, 11952],[8254.22, 12023.29],[8115, 12190],[8114.09, 12191.35],[8053.44, 12260.04],[8038, 12275],[8028.83, 12285.68],[8010, 12303],[7989.02, 12332.02],[7971, 12353],[7962.29, 12369],[7950, 12386],[7929.06, 12421.79],[7826.04, 12564.21],[7760, 12639],[7750.87, 12651.62],[7739, 12664],[7707, 12705],[7690.31, 12731.58],[7660, 12776],[7655.29, 12787.35],[7653, 12791],[7650.17, 12798.34],[7563.33, 12911.37],[7558, 12917],[7504, 13004],[7484.07, 13044.5],[7384.71, 13206.94],[7368.06, 13231.91],[7367, 13233],[7283, 13338],[7281.4, 13340.46],[7243, 13388],[7233.75, 13401.8],[7224, 13413],[7214.85, 13425.84],[7194, 13443],[7180.19, 13460.27],[7173.3, 13466.88],[7173.29, 13466.89],[7129, 13491],[7114.9, 13502.6],[7073, 13515],[6987.35, 13561.63],[6971.98, 13569.44],[6954, 13578],[6913.67, 13602.57],[6889, 13616],[6885.55, 13618.84],[6885, 13619],[6850.16, 13637.97],[6818, 13653],[6814.21, 13655.79],[6787.35, 13670.41],[6766.99, 13679.93],[6766.97, 13679.94],[6760, 13682],[6744.77, 13690.29],[6739, 13692],[6724.29, 13700.01],[6716, 13703],[6687.42, 13720.08],[6649, 13741],[6639.91, 13748.48],[6629, 13755],[6626.22, 13757.52],[6618, 13762],[6539, 13827],[6531.53, 13836.08],[6466, 13890],[6457.98, 13899.75],[6442.92, 13915.9],[6421.1, 13937.12],[6405, 13950],[6340, 14029],[6324.6, 14051.73],[6321, 14055],[6292.83, 14093.33],[6275, 14115],[6269.56, 14124.99],[6260, 14138],[6240.29, 14171.07],[6210, 14204],[6200.04, 14220.23],[6192, 14230],[6175.91, 14259.56],[6156, 14292],[6151.45, 14304.48],[6143, 14320],[6130.97, 14360.66],[6121, 14388],[6118.94, 14395.86],[6113.38, 14409.63],[6111, 14414],[6082, 14512],[6081.77, 14514.38],[6081, 14517],[6079.73, 14531.38],[6074.99, 14541.63],[6059, 14571],[6054.72, 14585.47],[6048, 14600],[6039.56, 14636.69],[6030, 14669],[6028.42, 14685.14],[6025, 14700],[6023.69, 14733.33],[6020, 14771]]]},"properties":{"objectType":"annotation","classification":{"name":"Ignore*","color":[180, 180, 180]}}},{"type":"Feature","id":"b9f67754-c710-405f-a0db-3e4fed73f1b6","geometry":{"type":"Polygon","coordinates":[[[527, 9703],[527, 9707],[527, 9720],[527, 9728],[527, 9731],[527, 9745],[527, 9750],[527, 9761],[527, 9772],[527, 9784],[527, 9793],[528, 9793],[531, 9796],[531, 9800],[531, 9808],[532, 9808],[535, 9811],[535, 9812],[535, 9816],[535, 9819],[535, 9823],[535, 9824],[536, 9824],[539, 9827.5],[539, 9831],[542, 9834],[542, 9838],[543, 9838],[543, 9839],[543, 9840],[543, 9843],[544, 9843],[547, 9846.5],[547, 9847],[550, 9850],[550, 9853],[550, 9854],[550, 9857],[551, 9857],[551, 9859],[555, 9862.43],[555, 9863],[558, 9865.57],[558, 9869],[558, 9870],[558, 9873],[562, 9877],[562, 9878],[563, 9878],[566, 9881],[566, 9885],[566, 9886],[566, 9889],[570, 9893],[581, 9904],[581, 9907],[581, 9908],[582, 9909],[597, 9924.68],[597, 9928],[598, 9928],[601, 9931],[601, 9932],[602, 9932],[604, 9934.33],[604, 9959],[597.47, 9966],[597, 9966],[597, 9966.5],[590, 9974],[589, 9974],[589, 9979],[590, 9979],[590, 9980],[606, 9980],[613, 9987],[614, 9987],[614, 9988],[622, 9988],[629, 9995],[630, 9995],[631, 9996],[645, 9996],[652, 10002],[652, 10003],[654, 10003],[655, 10004],[662, 10004],[663, 10003],[665, 10003],[665, 10002],[671.86, 9996],[674, 9996],[675, 9995],[676, 9995],[677, 9994],[685, 9987],[685, 9985],[688.67, 9985],[691, 9987],[691, 9988],[708.77, 9988],[703, 9999],[683, 10065],[676, 10133],[676, 10140],[676, 10147],[676, 10154],[683, 10222],[703, 10288],[735, 10349],[779, 10402],[832, 10446],[893, 10478],[959, 10498],[1027, 10505],[1095, 10498],[1161, 10478],[1222, 10446],[1275, 10402],[1319, 10349],[1324.89, 10337.76],[1333, 10328],[1365, 10267],[1370.97, 10247.31],[1379, 10232],[1379.47, 10230.45],[1386, 10218],[1388.57, 10209.52],[1389, 10209],[1394.53, 10198.46],[1402, 10188],[1413, 10163.25],[1421, 10148],[1423.62, 10139.36],[1426, 10134],[1432, 10122],[1450.75, 10084.51],[1452, 10083],[1465.75, 10056.79],[1465.87, 10056.59],[1473, 10048],[1485.96, 10023.29],[1497, 10005],[1500.43, 9995.71],[1505, 9987],[1511.22, 9966.49],[1512.99, 9961.69],[1517, 9955],[1526.31, 9935.1],[1540, 9909],[1542.73, 9899.99],[1546, 9893],[1546.6, 9890.68],[1547, 9890],[1549.89, 9881.84],[1554, 9874],[1560.43, 9852.77],[1575, 9825],[1575.13, 9824.56],[1577, 9821],[1591, 9786],[1595.77, 9769.45],[1596, 9769],[1599.08, 9758.85],[1600, 9757],[1605.18, 9743.19],[1610, 9734],[1615.8, 9714.86],[1624, 9693],[1624.42, 9690.6],[1625.02, 9688.63],[1629, 9682],[1633.59, 9672.18],[1642, 9659],[1649, 9645],[1654.18, 9631.19],[1659, 9622],[1663.26, 9607.95],[1671, 9599],[1672.38, 9596.57],[1677, 9591],[1695.29, 9556.14],[1705, 9539],[1706.31, 9535.12],[1709, 9530],[1714.49, 9511.87],[1716, 9509],[1721.96, 9489.32],[1721.97, 9489.3],[1730, 9474],[1731.88, 9467.78],[1731.89, 9467.76],[1758, 9418],[1761.86, 9405.25],[1761.87, 9405.24],[1782, 9381],[1814, 9320],[1824.99, 9283.74],[1828, 9278],[1848, 9212],[1848.05, 9211.54],[1849, 9209],[1849.42, 9206.6],[1855.91, 9185.19],[1855.91, 9185.18],[1877, 9145],[1897, 9079],[1898.07, 9068.6],[1898.07, 9068.59],[1899.31, 9061.58],[1911, 9023],[1913.01, 9003.45],[1913.01, 9003.44],[1918, 8987],[1918.38, 8983.34],[1918.97, 8981.76],[1933, 8955],[1938.49, 8936.87],[1938.5, 8936.85],[1940, 8934],[1946.91, 8911.21],[1955.72, 8894.41],[1971, 8876],[2003, 8815],[2004.88, 8808.79],[2004.88, 8808.78],[2012.83, 8793.64],[2020, 8785],[2021.4, 8782.34],[2033, 8770],[2038.33, 8761.65],[2048, 8750],[2053.89, 8738.78],[2062, 8729],[2063.31, 8726.5],[2071, 8721],[2072.83, 8719.05],[2077, 8716],[2107.82, 8681.82],[2118, 8671],[2118.99, 8669.44],[2123, 8665],[2138.56, 8638.78],[2155, 8613],[2156.98, 8607.72],[2158, 8606],[2164.24, 8588.35],[2172.83, 8565.46],[2189, 8546],[2198.15, 8532.27],[2210, 8518],[2231.76, 8476.51],[2231.77, 8476.49],[2238, 8469],[2270, 8408],[2271.88, 8401.78],[2271.89, 8401.76],[2298, 8352],[2303.49, 8333.87],[2303.5, 8333.85],[2305, 8331],[2306.79, 8325.1],[2314, 8315],[2325, 8290.25],[2329.27, 8282.11],[2332.05, 8277.75],[2336, 8273],[2342.21, 8261.16],[2344.67, 8258],[2359, 8240],[2359.69, 8238.68],[2361, 8237],[2374.27, 8210.88],[2390.12, 8180.67],[2397.55, 8169.03],[2419, 8139],[2424.28, 8127.13],[2425, 8126],[2427.59, 8119.73],[2441.23, 8091.52],[2452, 8071],[2453.05, 8067.53],[2465.33, 8050.33],[2479, 8032],[2480.04, 8029.75],[2482, 8027],[2500.63, 7985.07],[2502.53, 7981.46],[2510, 7971],[2521, 7946.25],[2529, 7931],[2531.62, 7922.36],[2538, 7908],[2538.96, 7903.69],[2543, 7896],[2545.62, 7887.36],[2552, 7873],[2555.18, 7863.45],[2561, 7852],[2561.67, 7850.24],[2562.76, 7848.26],[2578, 7823],[2580.76, 7815.53],[2586, 7806],[2593.87, 7780.03],[2601.35, 7759.77],[2607, 7749],[2607.11, 7748.65],[2609, 7746],[2618.08, 7725.57],[2618.1, 7725.52],[2618.69, 7724.4],[2618.7, 7724.39],[2624, 7718],[2636.96, 7693.29],[2648, 7675],[2651.43, 7665.71],[2656, 7657],[2662.22, 7636.5],[2662.6, 7635.45],[2677, 7608],[2677.47, 7606.45],[2684, 7594],[2685.02, 7590.64],[2695, 7575],[2702, 7561],[2706.74, 7551.52],[2708, 7550],[2711.85, 7542.65],[2711.87, 7542.63],[2729, 7522],[2761, 7461],[2762.88, 7454.79],[2762.88, 7454.78],[2766.75, 7447.42],[2792, 7417],[2824, 7356],[2830, 7336.2],[2833, 7332],[2847.82, 7298.64],[2855, 7290],[2860.89, 7278.78],[2869, 7269],[2874.89, 7257.76],[2874.91, 7257.74],[2883, 7248],[2886.85, 7240.65],[2886.87, 7240.63],[2904, 7220],[2905.92, 7216.34],[2910, 7212],[2915.32, 7203.66],[2925, 7192],[2932.56, 7177.58],[2942, 7165],[2945.87, 7158.59],[2953, 7150],[2956.85, 7142.66],[2965.53, 7132.2],[2973, 7126],[3017, 7073],[3047.42, 7015.01],[3047.42, 7015],[3048.65, 7013.29],[3048.96, 7012.96],[3067, 6996],[3073.65, 6986.7],[3079, 6981],[3084.45, 6972.46],[3085, 6972],[3090.85, 6964.95],[3092, 6964],[3094.04, 6961.54],[3101, 6955],[3103.72, 6951.9],[3106, 6950],[3122.03, 6930.69],[3130, 6925],[3138.8, 6915.64],[3148, 6908],[3155, 6901],[3162, 6894],[3179.17, 6873.31],[3179.2, 6873.28],[3185.6, 6867.27],[3204, 6852],[3211, 6845],[3218, 6838],[3232, 6824],[3243.95, 6809.61],[3249, 6806],[3257.8, 6796.64],[3267, 6789],[3282.27, 6770.6],[3296, 6756],[3301.3, 6747.68],[3307.92, 6739.71],[3316, 6733],[3323, 6726],[3330, 6719],[3333.18, 6715.18],[3337, 6712],[3371.58, 6670.34],[3371.6, 6670.33],[3372, 6670],[3376, 6666],[3379, 6663],[3379.96, 6661.84],[3387, 6656],[3394, 6649],[3404.79, 6636],[3425, 6636],[3436, 6647],[3438, 6647],[3439, 6648],[3440, 6647],[3442, 6647],[3453, 6636],[3579, 6636],[3581, 6634],[3591, 6625],[3611, 6625],[3612, 6624],[3614, 6624],[3617, 6621],[3617, 6617],[3615, 6615],[3606, 6605.91],[3606, 6601],[3605, 6600],[3605, 6598],[3604, 6597],[3569, 6563],[3567, 6561],[3561.53, 6561],[3514, 6513],[3514, 6512.68],[3525.96, 6499.96],[3544, 6483],[3550.65, 6473.7],[3556, 6468],[3564.83, 6454.16],[3599, 6413],[3607, 6401],[3623, 6381],[3623.73, 6379.86],[3633, 6370],[3638.33, 6361.65],[3644.92, 6353.71],[3653, 6347],[3663.71, 6334.11],[3673, 6325],[3681.14, 6313.11],[3681.58, 6312.58],[3694, 6325],[3696, 6325],[3697, 6326],[3706, 6326],[3774, 6393],[3775, 6394],[3777, 6394],[3778, 6395],[3824, 6395],[3825, 6394],[3826, 6394],[3855, 6423],[3857, 6423],[3858, 6424],[3859, 6423],[3861, 6423],[3872, 6412],[3884, 6412],[3895, 6423],[3897, 6423],[3898, 6424],[3899, 6423],[3901, 6423],[3907, 6417],[3909, 6417],[3910, 6418],[3945, 6418],[3946, 6417],[3948, 6417],[3959, 6406],[3970, 6406],[3972, 6404],[3982, 6395],[4048, 6395],[4049, 6394],[4051, 6394],[4054, 6391],[4054, 6385],[4054, 6380],[4088, 6346],[4088, 6344],[4089, 6343],[4088, 6342],[4088, 6340],[4088, 6338],[4089, 6337],[4089, 6326.73],[4107.46, 6308],[4112, 6308],[4112, 6311],[4115, 6314],[4119, 6314],[4123, 6310],[4123, 6304],[4123, 6299],[4146, 6276],[4146, 6270],[4146, 6265],[4167, 6243],[4169, 6241],[4169, 6235],[4169, 6230],[4180, 6219],[4180, 6218],[4180, 6217],[4181, 6216],[4181, 6211.14],[4184, 6208],[4186, 6206],[4186, 6201.44],[4190, 6197],[4192, 6195],[4192, 6194.43],[4201, 6185],[4203, 6183],[4203, 6178],[4203, 6173],[4209, 6167],[4209, 6166],[4214, 6161],[4214, 6159],[4215, 6158],[4215, 6155],[4226, 6144],[4226, 6133],[4247, 6111],[4249, 6109],[4249, 6098],[4260, 6087],[4260, 6085],[4261, 6084],[4261, 6075],[4270, 6065],[4272, 6063],[4272, 6052],[4283, 6041],[4283, 6039],[4284, 6038],[4284, 6029],[4293, 6019],[4295, 6017],[4295, 6006],[4306, 5995],[4306, 5993],[4307, 5992],[4307, 5977],[4312, 5972],[4312, 5970],[4313, 5969],[4313, 5963],[4315, 5963],[4330, 5978],[4330, 5983],[4335, 5988],[4335, 5994],[4341, 6000],[4341, 6005],[4347, 6011],[4347, 6018],[4353, 6024],[4353, 6029],[4358, 6034],[4358, 6040],[4396, 6078],[4419, 6078],[4430, 6089],[4432, 6089],[4433, 6090],[4456, 6090],[4457, 6089],[4459, 6089],[4470, 6078],[4510, 6078],[4513, 6075],[4513, 6073],[4514, 6072],[4514, 6063],[4523, 6053],[4525, 6051],[4525, 6040],[4536, 6029],[4536, 6027],[4537, 6026],[4537, 6017],[4546, 6007],[4548, 6005],[4548, 5994],[4559, 5983],[4559, 5981],[4560, 5980],[4560, 5960],[4569, 5950],[4571, 5948],[4571, 5937],[4582, 5926],[4582, 5924],[4583, 5923],[4583, 5902],[4592, 5892],[4594, 5890],[4594, 5856],[4605, 5845],[4605, 5843],[4606, 5842],[4606, 5792.33],[4609, 5789],[4611, 5787],[4611, 5748],[4608, 5745],[4596, 5745],[4584, 5733],[4573, 5733],[4537, 5697],[4537, 5693],[4536, 5692],[4536, 5690],[4533, 5687],[4516, 5687],[4505, 5676],[4453, 5676],[4427, 5702],[4427, 5708],[4422, 5713],[4422, 5730],[4416, 5736],[4416, 5742],[4410, 5748],[4410, 5754],[4404, 5760],[4404, 5777],[4399, 5782],[4399, 5787],[4393, 5793],[4393, 5800],[4379, 5814],[4371, 5814],[4371, 5803.33],[4374, 5800],[4376, 5798],[4376, 5787],[4381, 5782],[4381, 5780],[4382, 5779],[4382, 5740.23],[4383.27, 5739],[4384, 5739],[4409, 5714],[4410, 5713],[4410, 5711],[4411, 5710],[4411, 5701],[4420, 5691],[4422, 5689],[4422, 5678],[4433, 5667],[4433, 5665],[4434, 5664],[4434, 5653],[4434, 5643],[4443, 5633],[4445, 5631],[4445, 5625.13],[4454, 5616],[4456, 5614],[4456, 5603],[4479, 5580],[4479, 5569],[4486.64, 5561],[4487, 5561],[4491, 5557],[4491, 5556.43],[4500, 5547],[4502, 5545],[4502, 5535],[4502, 5534],[4513, 5523],[4513, 5521],[4514, 5520],[4514, 5515],[4515, 5515],[4517, 5513],[4585, 5446],[4596, 5446],[4611, 5431],[4611, 5420],[4636.62, 5394],[4642, 5394],[4654, 5382],[4657, 5379],[4669, 5367],[4669, 5361.13],[4678, 5352],[4680, 5350],[4680, 5345],[4692, 5333],[4692, 5327],[4703, 5316],[4703, 5310.48],[4713, 5300],[4715, 5298],[4715, 5292.43],[4724, 5283],[4726, 5281],[4726, 5276],[4732, 5270],[4732, 5269.06],[4736, 5265],[4738, 5263],[4738, 5258],[4738, 5256],[4738, 5254],[4738, 5252.71],[4753, 5237],[4755, 5235],[4761, 5229],[4761, 5218],[4766, 5213],[4766, 5212.76],[4782, 5196],[4784, 5194],[4784, 5183],[4795, 5172],[4795, 5170],[4796, 5169],[4796, 5160],[4805, 5150],[4807, 5148],[4807, 5137],[4818, 5126],[4818, 5125.31],[4839, 5104],[4841, 5102],[4841, 5091],[4864, 5068],[4864, 5057],[4885, 5035],[4887, 5033],[4887, 5022],[4898, 5011],[4898, 5009],[4899, 5008],[4899, 4999],[4908, 4989],[4910, 4987],[4910, 4976],[4921, 4965],[4921, 4963],[4922, 4962],[4922, 4953],[4931, 4943],[4933, 4941],[4933, 4926],[4929.5, 4922.5],[4933, 4919],[4933, 4917],[4934, 4916],[4934, 4912.64],[4977, 4869],[4979, 4867],[4979, 4856],[4997, 4838],[5002, 4833],[5002, 4822],[5023, 4800],[5025, 4798],[5025, 4787],[5031, 4781],[5036, 4776],[5036, 4774],[5037, 4773],[5037, 4764],[5046, 4754],[5048, 4752],[5048, 4741],[5054, 4735],[5059, 4730],[5059, 4728],[5060, 4727],[5060, 4721],[5067, 4721],[5069, 4719],[5073.44, 4715],[5079, 4715],[5081, 4713],[5084.33, 4710],[5100, 4710],[5101, 4709],[5103, 4709],[5108, 4704],[5112, 4704],[5113, 4703],[5115, 4703],[5120, 4698],[5125, 4698],[5127, 4696],[5131.44, 4692],[5137, 4692],[5139, 4690],[5142.33, 4687],[5157, 4687],[5158, 4686],[5160, 4686],[5165, 4681],[5169, 4681],[5170, 4680],[5172, 4680],[5177, 4675],[5182, 4675],[5184, 4673],[5188.44, 4669],[5194, 4669],[5196, 4667],[5199.33, 4664],[5203, 4664],[5204, 4663],[5206, 4663],[5211, 4658],[5215, 4658],[5216, 4657],[5218, 4657],[5223, 4652],[5228, 4652],[5230, 4650],[5234.44, 4646],[5240, 4646],[5242, 4644],[5245.33, 4641],[5249, 4641],[5250, 4640],[5252, 4640],[5257, 4635],[5261, 4635],[5262, 4634],[5264, 4634],[5269, 4629],[5274, 4629],[5276, 4627],[5280.19, 4623],[5286, 4623],[5288, 4621],[5302.66, 4607],[5307, 4607],[5308, 4606],[5310, 4606],[5316, 4600],[5321, 4600],[5338, 4583],[5343, 4583],[5345, 4581],[5349.06, 4577],[5355, 4577],[5357, 4575],[5371.21, 4561],[5388, 4561],[5389, 4560],[5391, 4560],[5413, 4538],[5414.91, 4538],[5418, 4541],[5419, 4542],[5420, 4543],[5426, 4543],[5431, 4548],[5433, 4548],[5434, 4549],[5437, 4549],[5442, 4554],[5476, 4588],[5476.93, 4588],[5482, 4593],[5483, 4594],[5485, 4594],[5486, 4595],[5497, 4595],[5498, 4594],[5499, 4594],[5500, 4595],[5527, 4595],[5529, 4593],[5533.44, 4589],[5534, 4589],[5536, 4587],[5539.33, 4584],[5560, 4584],[5561, 4583],[5563, 4583],[5569, 4577],[5574, 4572],[5585, 4572],[5587, 4570],[5597, 4561],[5617, 4561],[5618, 4560],[5620, 4560],[5623, 4557],[5623, 4549],[5635, 4549],[5636, 4548],[5638, 4548],[5649, 4537],[5660, 4537],[5662, 4535],[5672, 4526],[5681, 4526],[5682, 4525],[5684, 4525],[5695, 4514],[5706, 4514],[5708, 4512],[5718, 4503],[5727, 4503],[5728, 4502],[5730, 4502],[5741, 4491],[5752, 4491],[5754, 4489],[5776, 4468],[5787, 4468],[5810, 4445],[5812, 4445],[5813, 4446],[5814, 4445],[5821, 4445],[5886, 4380],[5887, 4379],[5894, 4372],[5894, 4368],[5892, 4366],[5883, 4356],[5883, 4353],[5883, 4315],[5885, 4313],[5893, 4313],[5894, 4312],[5896, 4312],[5901, 4307],[5902, 4307],[5905.47, 4303.53],[5912, 4311],[5913, 4312],[5915, 4312],[5916, 4313],[5938, 4313],[5943, 4318],[5945, 4318],[5946, 4319],[5947, 4318],[5949, 4318],[5950, 4317],[5984, 4282],[5986, 4280],[5986, 4279.09],[5989, 4276],[5991, 4274],[5991, 4264],[6009, 4246],[6009, 4245],[6014, 4240],[6014, 4229.76],[6030, 4213],[6032, 4211],[6032, 4205],[6032, 4201],[6032, 4200],[6043, 4189],[6043, 4187],[6044, 4186],[6044, 4152],[6043, 4151],[6043, 4149],[6032, 4138],[6032, 4108],[6040, 4100],[6051, 4100],[6053, 4098],[6060.94, 4091.05],[6062, 4092],[6064, 4094],[6070, 4100],[6086, 4100],[6089, 4097],[6089, 4095],[6090, 4094],[6091, 4094],[6094, 4091],[6094, 4089],[6095, 4088],[6095, 4068.44],[6099, 4064],[6101, 4062],[6101, 4061.33],[6104, 4058],[6106, 4056],[6106, 4046],[6112, 4040],[6112, 4039],[6117, 4034],[6117, 4032],[6118, 4031],[6118, 4010.44],[6122, 4006],[6124, 4004],[6124, 4003.33],[6127, 4000],[6129, 3998],[6129, 3965],[6135, 3959],[6135, 3958],[6140, 3953],[6140, 3951],[6141, 3950],[6141, 3907.44],[6145, 3903],[6147, 3901],[6147, 3900.33],[6150, 3897],[6152, 3895],[6152, 3775],[6152, 3771],[6152, 3770],[6155, 3767],[6164, 3767],[6165, 3766],[6167, 3766],[6170, 3763],[6170, 3760],[6172, 3760],[6175, 3757],[6175, 3753],[6171, 3749],[6160, 3749],[6152, 3741],[6152, 3615],[6150, 3613],[6141, 3603],[6141, 3559],[6140, 3558],[6140, 3556],[6129, 3545],[6129, 3511],[6127, 3509],[6118, 3499],[6118, 3479],[6117, 3478],[6117, 3476],[6106, 3465],[6106, 3454],[6104, 3452],[6095, 3442],[6095, 3421],[6094, 3420],[6094, 3418],[6083, 3407],[6083, 3396],[6081, 3394],[6072, 3384],[6072, 3375],[6071, 3374],[6071, 3372],[6060, 3361],[6060, 3350],[6058, 3348],[6049, 3338],[6049, 3329],[6048, 3328],[6048, 3326],[6037, 3315],[6037, 3304],[6011, 3278],[6009, 3278],[6009, 3276],[6005, 3272],[5960, 3272],[5949, 3261],[5937, 3261],[5931, 3255],[5919, 3255],[5913, 3249],[5886, 3249],[5883, 3252],[5883, 3281],[5885, 3283],[5887, 3283],[5888, 3284],[5897, 3284],[5913, 3300],[5913.76, 3300],[5919, 3305],[5920, 3306],[5922, 3306],[5923, 3307],[5927, 3307],[5952, 3332],[5952, 3338],[5957, 3343],[5957, 3344],[5963, 3350],[5963, 3384],[5952, 3395],[5952, 3401],[5952, 3407],[5950.55, 3408.45],[5950, 3408],[5945.31, 3405.54],[5943, 3404],[5924, 3393],[5904, 3383],[5892.35, 3377.76],[5889, 3376],[5887.3, 3375.48],[5884, 3374],[5863, 3366],[5842, 3360],[5821, 3355],[5799, 3352],[5777, 3350],[5755, 3349],[5733, 3350],[5711, 3352],[5710, 3352.14],[5710, 3349],[5710, 3347],[5710, 3338],[5710, 3336.33],[5713, 3333],[5715, 3331],[5715, 3327],[5713, 3325],[5710, 3321.67],[5710, 3316],[5710, 3312],[5710, 3310],[5709, 3309],[5707, 3307],[5703, 3303],[5701, 3301],[5695, 3295],[5656, 3295],[5650, 3301],[5632, 3301],[5631, 3302],[5621.15, 3312],[5615, 3312],[5597, 3330],[5574, 3353],[5563, 3353],[5562, 3354],[5552, 3364],[5541, 3364],[5540, 3365],[5523, 3365],[5517.5, 3370.5],[5505, 3358],[5501, 3358],[5499, 3360],[5493.88, 3364.88],[5493, 3364],[5476, 3364],[5465, 3353],[5448, 3353],[5445, 3356],[5436, 3347],[5425, 3347],[5417, 3339],[5417, 3330],[5416, 3329],[5416, 3327],[5405, 3316],[5405, 3305],[5403, 3303],[5392, 3291],[5391, 3290],[5385, 3290],[5374, 3301],[5363, 3301],[5352, 3312],[5351, 3312],[5350, 3313],[5339, 3313],[5328, 3324],[5317, 3324],[5306, 3335],[5294, 3335],[5293, 3336],[5281, 3336],[5276, 3341],[5270, 3347],[5259, 3347],[5253, 3353],[5252, 3353],[5247, 3358],[5236, 3358],[5235, 3359],[5230, 3364],[5224, 3370],[5212, 3370],[5206, 3376],[5205, 3377],[5201, 3381],[5190, 3381],[5189, 3382],[5188, 3383],[5177.52, 3393],[5173, 3393],[5171, 3395],[5166.81, 3399],[5162, 3399],[5160, 3401],[5156.86, 3404],[5155, 3404],[5143, 3416],[5133, 3416],[5127, 3422],[5122, 3427],[5121, 3427],[5115, 3433],[5114, 3434],[5113, 3435],[5109, 3439],[5104, 3439],[5092, 3451],[5086, 3451],[5080, 3457],[5075, 3462],[5074, 3462],[5068, 3468],[5056, 3480],[5051, 3480],[5040, 3491],[5034, 3497],[4988, 3543],[4982, 3543],[4981, 3544],[4948, 3577],[4947, 3577],[4946, 3578],[4930.24, 3594],[4926, 3594],[4924, 3596],[4907.93, 3612],[4907, 3612],[4906, 3613],[4901, 3618],[4896, 3623],[4891, 3623],[4879, 3635],[4873, 3641],[4868, 3646],[4867, 3646],[4830, 3683],[4830, 3684],[4825, 3689],[4819, 3695],[4795, 3719],[4795, 3724],[4746, 3773],[4740, 3773],[4739, 3774],[4706.49, 3807],[4706, 3807],[4689, 3824],[4684, 3824],[4683, 3825],[4678, 3830],[4672, 3836],[4666, 3836],[4660, 3842],[4649, 3853],[4648, 3853],[4647, 3854],[4642.23, 3859],[4631, 3859],[4625, 3865],[4620, 3870],[4609, 3870],[4603, 3876],[4597, 3882],[4585, 3882],[4579, 3888],[4574, 3893],[4558, 3893],[4557, 3894],[4556, 3894],[4551, 3899],[4546, 3899],[4540, 3905],[4528, 3905],[4523, 3910],[4522, 3911],[4517, 3916],[4506, 3916],[4505, 3917],[4504, 3918],[4500, 3922],[4499, 3922],[4498, 3923],[4493, 3928],[4482, 3928],[4477, 3933],[4476, 3934],[4475, 3935],[4471, 3939],[4466, 3939],[4465, 3940],[4464, 3940],[4463, 3941],[4459, 3945],[4454, 3945],[4448, 3951],[4447, 3951],[4446, 3952],[4430.06, 3968],[4430, 3968],[4424, 3974],[4419, 3974],[4407, 3986],[4390, 4003],[4364, 4029],[4347, 4046],[4324, 4069],[4301, 4092],[4266, 4127],[4266, 4132],[4251, 4147],[4246, 4147],[4212, 4181],[4201, 4192],[4200, 4193],[4183, 4210],[4178, 4215],[4172, 4221],[4166, 4227],[4160, 4227],[4154, 4233],[4126, 4261],[4121, 4261],[4120, 4262],[4119, 4262],[4108, 4273],[4107, 4274],[4102, 4279],[4085, 4296],[4079, 4296],[4078, 4297],[4073.06, 4302],[4073, 4302],[4072, 4303],[4039.41, 4336],[4039, 4336],[4025, 4350],[4025, 4350.59],[3992, 4384],[3990, 4386],[3990, 4391],[3986, 4395],[3985, 4396],[3980, 4401],[3979, 4402],[3979, 4403],[3979, 4407],[3979, 4408],[3975, 4412],[3974, 4413],[3967, 4420],[3962, 4425],[3962, 4431],[3956, 4437],[3956, 4442],[3956, 4442.52],[3946, 4453],[3944, 4455],[3944, 4461],[3944, 4466],[3939, 4471],[3933, 4477],[3933, 4483],[3933, 4488],[3933, 4489],[3928, 4494],[3927, 4495],[3921, 4501],[3921, 4506.45],[3911, 4516],[3910, 4517],[3910, 4523],[3904, 4529],[3898, 4535],[3898, 4541],[3887, 4552],[3853, 4586],[3852, 4587],[3841, 4598],[3841, 4603.85],[3831, 4614],[3829, 4616],[3829, 4621],[3819, 4631],[3818, 4632],[3818, 4633],[3818, 4638],[3812, 4644],[3806, 4650],[3806, 4656],[3806, 4661],[3795, 4672],[3795, 4672.81],[3791, 4677],[3789, 4679],[3789, 4684.18],[3785, 4688],[3784, 4689],[3784, 4690],[3783, 4691],[3783, 4696],[3778, 4701],[3772, 4707],[3772, 4713],[3760, 4725],[3760, 4730.18],[3756, 4734],[3755, 4735],[3755, 4741],[3750, 4746],[3749, 4747],[3749, 4753],[3743, 4759],[3743, 4765],[3738, 4770],[3737, 4771],[3726, 4782],[3726, 4787],[3709, 4804],[3709, 4810],[3680, 4839],[3680, 4839.32],[3658, 4861],[3657, 4862],[3657, 4868],[3617, 4908],[3617, 4914],[3611, 4920],[3611, 4926],[3565, 4972],[3554, 4983],[3513, 5024],[3513, 5035],[3496, 5052],[3496, 5053],[3479, 5070],[3479, 5075],[3438, 5116],[3438, 5121.86],[3429, 5131],[3427, 5133],[3422, 5138],[3422, 5143],[3404, 5161],[3404, 5167],[3404, 5168],[3399, 5173],[3399, 5178],[3381, 5196],[3381, 5202],[3381, 5202.18],[3377, 5206],[3376, 5207],[3376, 5213],[3369, 5220],[3369, 5225],[3358, 5236],[3358, 5237],[3353, 5242],[3353, 5247],[3346, 5254],[3346, 5261],[3341, 5266],[3341, 5270],[3335, 5276],[3335, 5282],[3335, 5283],[3330, 5288],[3330, 5293],[3323, 5300],[3323, 5305.57],[3314, 5315],[3312, 5317],[3312, 5322.52],[3302, 5333],[3300, 5335],[3300, 5341],[3295, 5346],[3295, 5351],[3277, 5369],[3277, 5375],[3266, 5386],[3266, 5391.52],[3256, 5402],[3254, 5404],[3254, 5409],[3243, 5420],[3243, 5421],[3238, 5426],[3238, 5431],[3220, 5449],[3220, 5454.52],[3199, 5476],[3197, 5478],[3197, 5483.49],[3175, 5505],[3174, 5506],[3174, 5512],[3163, 5523],[3163, 5525],[3156, 5533],[3155, 5534],[3155, 5535],[3150, 5535],[3149, 5536],[3148, 5536],[3147, 5537],[3147, 5545],[3144, 5548],[3143, 5549],[3139, 5553],[3139, 5557.31],[3132, 5564],[3132, 5565],[3131, 5566],[3131, 5567],[3128, 5570],[3127, 5570],[3126, 5571],[3125, 5571],[3124, 5572],[3124, 5578],[3119, 5578],[3118, 5579],[3117, 5579],[3116, 5580],[3116, 5585],[3116, 5586],[3114, 5586],[3107, 5593],[3106, 5594],[3105, 5594],[3097, 5602],[3097, 5603],[3096, 5604],[3096, 5606.43],[3092, 5603],[3091, 5602],[3087, 5602],[3078, 5611],[3078, 5625],[3067, 5625],[3067, 5626],[3066, 5626],[3066, 5634],[3058, 5642],[3058, 5647],[3052, 5653],[3051, 5653],[3051, 5657],[3050, 5658],[3050, 5662],[3031, 5681],[3031, 5682],[3027, 5686],[3026, 5686],[3025, 5687],[3001, 5710],[3001, 5712],[3000, 5712],[3000, 5713],[2998, 5715],[2997, 5715],[2997, 5719],[2996, 5719],[2996, 5720.25],[2990, 5726],[2990, 5728],[2989, 5728],[2989, 5730.79],[2986, 5734],[2985, 5734],[2985, 5735.2],[2982, 5738],[2982, 5739],[2981, 5739],[2981, 5742],[2981, 5743],[2980, 5744],[2980, 5744.64],[2975, 5750],[2974, 5750],[2974, 5754],[2966, 5762],[2966, 5765],[2965, 5766],[2965, 5767],[2959, 5773],[2959, 5774],[2958, 5775],[2958, 5778],[2950, 5786],[2950, 5789],[2924, 5815],[2921, 5815],[2918, 5818],[2917, 5818],[2901, 5834],[2898, 5834],[2891, 5841],[2886, 5841],[2886, 5842],[2885, 5842],[2853, 5874],[2840, 5887],[2839, 5888],[2832, 5895],[2830, 5895],[2829, 5896],[2827, 5896],[2820, 5903],[2817, 5903],[2816, 5904],[2815, 5904],[2812.2, 5907],[2809, 5907],[2809, 5908],[2806.86, 5910],[2806, 5910],[2805, 5911],[2804, 5911],[2796.53, 5919],[2793, 5919],[2790, 5922],[2787, 5922],[2786, 5923],[2783, 5926],[2782, 5926],[2755, 5953],[2754, 5954],[2746, 5961],[2746, 5962],[2746, 5963],[2745, 5963],[2745, 5964],[2742, 5967],[2738, 5971],[2738, 5974],[2737, 5974],[2737, 5978.86],[2735, 5981],[2734, 5981],[2734, 5982],[2734, 5982.2],[2731, 5985],[2731, 5985.7],[2715, 6001],[2715, 6002],[2714, 6003],[2714, 6009],[2707, 6016],[2700, 6016],[2700, 6017],[2690, 6027],[2689, 6027],[2689, 6028],[2687, 6030],[2686, 6031],[2685, 6031],[2678, 6038],[2677, 6038],[2677, 6039],[2673.94, 6042],[2673, 6042],[2673, 6042.93],[2669.87, 6046],[2666, 6046],[2666, 6047],[2635, 6078],[2631, 6078],[2630, 6079],[2627.95, 6081],[2627, 6081],[2627, 6081.92],[2623.84, 6085],[2623, 6085],[2623, 6085.82],[2616.65, 6092],[2616, 6092],[2615, 6093],[2612, 6096],[2611, 6097],[2599.87, 6108],[2596, 6108],[2596, 6109],[2593, 6112],[2592, 6113],[2591, 6113],[2588, 6116],[2586, 6116],[2585, 6117],[2584, 6117],[2573, 6128],[2569, 6132],[2562, 6139],[2531, 6170],[2530, 6170],[2518, 6182],[2507, 6193],[2503, 6193],[2503, 6194],[2493, 6204],[2492, 6205],[2490.99, 6206],[2490, 6206],[2487, 6209],[2485, 6209],[2484, 6210],[2483, 6210],[2480, 6213],[2476, 6217],[2469, 6224],[2468, 6224],[2467, 6225],[2464.08, 6228],[2464, 6228],[2459, 6233],[2458, 6233],[2458, 6234],[2455, 6237],[2451, 6241],[2443, 6241],[2442, 6242],[2442, 6243],[2441, 6244],[2441, 6245],[2439, 6245],[2438, 6246],[2438, 6247],[2437, 6248],[2437, 6255],[2433, 6259],[2432, 6260],[2429, 6260],[2428, 6261],[2427, 6261],[2427, 6262],[2426, 6263],[2426, 6267],[2425, 6268],[2421, 6268],[2420, 6269],[2419, 6269],[2419, 6270],[2418, 6271],[2418, 6273.29],[2416, 6275],[2410, 6275],[2409, 6276],[2408, 6276],[2407, 6277],[2407, 6281],[2408, 6282],[2410.79, 6285.26],[2406, 6290],[2406, 6290.07],[2405, 6291],[2399, 6291],[2398, 6292],[2397, 6292],[2396, 6293],[2396, 6297],[2397, 6298],[2399.31, 6300.69],[2397, 6303],[2393, 6307],[2385, 6307],[2385, 6308],[2384, 6308],[2384, 6317],[2381, 6320],[2381, 6323],[2381, 6323.91],[2379, 6326],[2378, 6326],[2378, 6329],[2378, 6329.35],[2376.27, 6331],[2376, 6331],[2376, 6331.26],[2370, 6337],[2370, 6338],[2369, 6339],[2367, 6341],[2366, 6342],[2366, 6343],[2366, 6345],[2366, 6346],[2365, 6346],[2365, 6347],[2363, 6349],[2362, 6350],[2362, 6351],[2361, 6352],[2361, 6354],[2361, 6354.57],[2358.73, 6357],[2358, 6357],[2358, 6357.79],[2355, 6361],[2354, 6361],[2354, 6362],[2354, 6362.2],[2352.07, 6364],[2352, 6364],[2352, 6364.07],[2351, 6365],[2351, 6366],[2350, 6367],[2350, 6369],[2350, 6370],[2349, 6371],[2347, 6373],[2347, 6374],[2346, 6374],[2346, 6377],[2343, 6380],[2343, 6381],[2342, 6382],[2340, 6384],[2339, 6385],[2336, 6388],[2336, 6389],[2335, 6389],[2335, 6392],[2334, 6393],[2332, 6395],[2328, 6399],[2328, 6403],[2327, 6404],[2327, 6405],[2324, 6408],[2321, 6411],[2319, 6413],[2319, 6415.4],[2313, 6421],[2313, 6422],[2312, 6423],[2309, 6426],[2309, 6427],[2308, 6428],[2308, 6431],[2308, 6431.13],[2306, 6433],[2306, 6433.04],[2305, 6434],[2305, 6435],[2304, 6436],[2297, 6443],[2296, 6443],[2296, 6444],[2293, 6447],[2293, 6450],[2290, 6453],[2290, 6453.4],[2289.41, 6454],[2289, 6454],[2289, 6454.42],[2270.83, 6473],[2266, 6473],[2266, 6474],[2257, 6483],[2257, 6489],[2254, 6492],[2250, 6496],[2250, 6497],[2249, 6498],[2247, 6500],[2244, 6503],[2243, 6504],[2243, 6505],[2242, 6505],[2242, 6506],[2242, 6508],[2242, 6509],[2239, 6512],[2239, 6513],[2238, 6514],[2238, 6516],[2234, 6520],[2234, 6521],[2234, 6522],[2234, 6524],[2227, 6531],[2227, 6532],[2227, 6535],[2226, 6536],[2226, 6536.64],[2221, 6542],[2220, 6542],[2220, 6545],[2220, 6546],[2220, 6547],[2219, 6547],[2219, 6548],[2219, 6550],[2219, 6550.27],[2215, 6554],[2215, 6555.2],[2214.14, 6556],[2214, 6556],[2214, 6556.13],[2213.87, 6556.25],[2213, 6557],[2213, 6557.07],[2212, 6558],[2212, 6559],[2211, 6560],[2211, 6562],[2211, 6563],[2208, 6566],[2204, 6570],[2204, 6574],[2203, 6574],[2203, 6575],[2203, 6575.47],[2200.29, 6578],[2200, 6578],[2200, 6578.27],[2197.07, 6581],[2197, 6581],[2197, 6581.07],[2196, 6582],[2196, 6583],[2195, 6584],[2195, 6587],[2192, 6590],[2189, 6593],[2189, 6594],[2188, 6595],[2188, 6597],[2188, 6598],[2187, 6599],[2185, 6601],[2184, 6602],[2181, 6605],[2181, 6606],[2180, 6606],[2180, 6607],[2180, 6609.2],[2177, 6612],[2177, 6614],[2176, 6614],[2176, 6617],[2174, 6619],[2173, 6620],[2172, 6621],[2172, 6622],[2169, 6625],[2166, 6628],[2165, 6629],[2164, 6630],[2164, 6632.27],[2158, 6638],[2158, 6639],[2157, 6640],[2154, 6643],[2154, 6644],[2153, 6645],[2153, 6647.91],[2151, 6650],[2150, 6651],[2145, 6656],[2142, 6659],[2141, 6660],[2135, 6666],[2134, 6667],[2133, 6668],[2133, 6669],[2122, 6680],[2118, 6684],[2118, 6687],[2084, 6721],[2084, 6722],[2083, 6723],[2083, 6725],[2068, 6740],[2065, 6743],[2064, 6744],[2064, 6745],[2063, 6746],[2058, 6751],[2058, 6751.01],[2057, 6752],[2053, 6756],[2053, 6757],[2052, 6758],[2049, 6761],[2048, 6761],[2048, 6765],[2045, 6768],[2045, 6771],[2041, 6775],[2041, 6776],[2040, 6776],[2040, 6777],[2037, 6780],[2037, 6783],[2034, 6786],[2034, 6787],[2033, 6787],[2033, 6788],[2029, 6792],[2029, 6798.67],[2027, 6801],[2026, 6802],[2025, 6803],[2022, 6806],[2022, 6807],[2021, 6808],[2021, 6810.79],[2018, 6814],[2017, 6814],[2017, 6815],[2017, 6819],[2011, 6825],[2010, 6826],[2006, 6830],[2006, 6834],[2003, 6837],[1994, 6846],[1988, 6852],[1988, 6853],[1987, 6854],[1987, 6856],[1980, 6863],[1980, 6864],[1979, 6864],[1979, 6865],[1975, 6869],[1975, 6872],[1972, 6875],[1968, 6879],[1968, 6879.07],[1965, 6882],[1965, 6883],[1964, 6883],[1964, 6884],[1957, 6891],[1957, 6892],[1956, 6893],[1956, 6895],[1956, 6899],[1952, 6903],[1952, 6903.67],[1950, 6906],[1949, 6907],[1949, 6910],[1948, 6911],[1948, 6911.79],[1945, 6915],[1944, 6915],[1944, 6918],[1944, 6919],[1944, 6920],[1942, 6922],[1941, 6922],[1941, 6925],[1941, 6926],[1940, 6927],[1940, 6928],[1940, 6930],[1940, 6930.43],[1937, 6933],[1937, 6934],[1936, 6935],[1934, 6937],[1934, 6938],[1933, 6938],[1933, 6941],[1933, 6942],[1933, 6943],[1932, 6943],[1932, 6944],[1932, 6946],[1930, 6948],[1929, 6949],[1929, 6950],[1928, 6951],[1926, 6953],[1926, 6954],[1925, 6955],[1925, 6957],[1925, 6958],[1921, 6962],[1921, 6965],[1918, 6968],[1917, 6969],[1913, 6973],[1913, 6976.19],[1910, 6979],[1910, 6981],[1909, 6981],[1909, 6984.86],[1907, 6987],[1906, 6987],[1906, 6988],[1905, 6989],[1905, 6989.13],[1903, 6991],[1903, 6992],[1902, 6993],[1902, 6995],[1902, 6999],[1899, 7002],[1898, 7003],[1898, 7004],[1897, 7005],[1895, 7007],[1895, 7008],[1894, 7009],[1894, 7011],[1894, 7015],[1891, 7018],[1890, 7019],[1890, 7020],[1887, 7023],[1887, 7026],[1886, 7027],[1886, 7030.43],[1883, 7033],[1883, 7034],[1882, 7035],[1882, 7036],[1880, 7038],[1879, 7038],[1879, 7041],[1879, 7043],[1878, 7043],[1878, 7047],[1874, 7051],[1874, 7051.29],[1872, 7053],[1872, 7054],[1871, 7055],[1871, 7057],[1871, 7062],[1871, 7069],[1868, 7072],[1867, 7073],[1867, 7074],[1864, 7077],[1864, 7078],[1863, 7079],[1863, 7081],[1863, 7085],[1857, 7092],[1856, 7093],[1856, 7100],[1856, 7103],[1856, 7104],[1855, 7105],[1855, 7108],[1852, 7111],[1852, 7112],[1851, 7113],[1849, 7115],[1848, 7115],[1848, 7116],[1848, 7119],[1848, 7120],[1847, 7121],[1847, 7124],[1844, 7127],[1844, 7128],[1840, 7132],[1840, 7138],[1840, 7139],[1840, 7143],[1840, 7147],[1837, 7150],[1836, 7150],[1836, 7151],[1833, 7154],[1833, 7155],[1832, 7156],[1832, 7163],[1832, 7166],[1832, 7178],[1832, 7201],[1829, 7204],[1828, 7205],[1828, 7225],[1828, 7226],[1828, 7233],[1828, 7235],[1828, 7240],[1824, 7244],[1824, 7255],[1821, 7258],[1821, 7259],[1820, 7260],[1820, 7271],[1817, 7274],[1817, 7275],[1816, 7276],[1816, 7286.67],[1814, 7289],[1813, 7290],[1813, 7293.5],[1810, 7297],[1809, 7298],[1809, 7302],[1809, 7309],[1805, 7313],[1802, 7316],[1802, 7317],[1801, 7318],[1801, 7325],[1798, 7328],[1798, 7328.5],[1797.57, 7329],[1797, 7329],[1797, 7329.67],[1795, 7332],[1794, 7332],[1794, 7336.78],[1791, 7340],[1790, 7340],[1790, 7344],[1778, 7356],[1774, 7360],[1774, 7364.3],[1767, 7371],[1767, 7372],[1766, 7373],[1766, 7376],[1761, 7381],[1742, 7381],[1742, 7382],[1741, 7382],[1741, 7383],[1740, 7383],[1740, 7406],[1736, 7410],[1733, 7413],[1733, 7414],[1732, 7415],[1732, 7416],[1708, 7416],[1706, 7418],[1706, 7457],[1699, 7464],[1698, 7464],[1698, 7472],[1629, 7541],[1629, 7542],[1628, 7542],[1628, 7550],[1613, 7565],[1613, 7573],[1606, 7580],[1605, 7580],[1605, 7603.5],[1602, 7607],[1601, 7607],[1601, 7608],[1597, 7612],[1597, 7627],[1593, 7631],[1590, 7634],[1590, 7635],[1589, 7636],[1589, 7650.43],[1586, 7653],[1586, 7654],[1585, 7655],[1582, 7658],[1582, 7673],[1578, 7677],[1578, 7678],[1577, 7679],[1577, 7686.29],[1575, 7688],[1574, 7689],[1574, 7704.5],[1571, 7708],[1570, 7708],[1570, 7709],[1566, 7713],[1566, 7728],[1563, 7731],[1562, 7731],[1562, 7732],[1559, 7735],[1559, 7736],[1558, 7737],[1558, 7744],[1551, 7751],[1551, 7766],[1547, 7770],[1547, 7770.73],[1536, 7781],[1536, 7782],[1535, 7783],[1535, 7790],[1528, 7797],[1528, 7798],[1527, 7799],[1527, 7805.2],[1524, 7808],[1524, 7809],[1523, 7810],[1497, 7836],[1497, 7837],[1496, 7838],[1496, 7844],[1484.8, 7856],[1465, 7856],[1463, 7858],[1463, 7874],[1463, 7882],[1463, 7887],[1461, 7887],[1459, 7889],[1459, 7893],[1459, 7897],[1457, 7899],[1453, 7899],[1451, 7901],[1451, 7904],[1451, 7914],[1442, 7914],[1440, 7916],[1440, 7922],[1434, 7922],[1432, 7924],[1432, 7926],[1426, 7926],[1424, 7928],[1424, 7941],[1415, 7941],[1413, 7943],[1413, 7945],[1411, 7945],[1409, 7947],[1409, 7953],[1399, 7953],[1397, 7955],[1397, 7959],[1397, 7968],[1391, 7968],[1389, 7970],[1389, 7972],[1387, 7972],[1385, 7974],[1385, 7980],[1383, 7980],[1381, 7982],[1381, 7988],[1372, 7988],[1372, 7989],[1371, 7989],[1371, 7990],[1370, 7990],[1370, 8003],[1360, 8003],[1360, 8004],[1359, 8004],[1359, 8005],[1358, 8005],[1358, 8019],[1349, 8019],[1348, 8020],[1347, 8020],[1347, 8021],[1346, 8022],[1346, 8034],[1341, 8034],[1339, 8036],[1339, 8042],[1337, 8042],[1335, 8044],[1335, 8049],[1329, 8049],[1327, 8051],[1327, 8067],[1327, 8073],[1317, 8073],[1317, 8074],[1316, 8074],[1316, 8075],[1315, 8075],[1315, 8080],[1314, 8080],[1314, 8081],[1313, 8081],[1313, 8082],[1312, 8082],[1312, 8088],[1310, 8088],[1310, 8089],[1309, 8089],[1309, 8090],[1308, 8090],[1308, 8106],[1306.83, 8107],[1295, 8107],[1294, 8108],[1293, 8108],[1293, 8109],[1292, 8110],[1292, 8119],[1291, 8119],[1290, 8120],[1289, 8120],[1289, 8121],[1288, 8122],[1288, 8131],[1283, 8131],[1281, 8133],[1281, 8140],[1281, 8159],[1281, 8160],[1280, 8161],[1280, 8165],[1279, 8165],[1278, 8166],[1277, 8166],[1277, 8167],[1276, 8168],[1276, 8173],[1275, 8174],[1274, 8174],[1274, 8175],[1273, 8176],[1273, 8191],[1273, 8194],[1273, 8195],[1273, 8200],[1271, 8200],[1269, 8202],[1269, 8246],[1269, 8407],[1269, 8415],[1269, 8416],[1269, 8417],[1269, 8419],[1269, 8424],[1269, 8428],[1269, 8430.43],[1266, 8433],[1266, 8434],[1265, 8435],[1265, 8444],[1265, 8446],[1265, 8447],[1265, 8448],[1265, 8450],[1265, 8451],[1265, 8454],[1261, 8458],[1261, 8464],[1261, 8469],[1258, 8472],[1258, 8473],[1257, 8474],[1257, 8475],[1257, 8479],[1257, 8482],[1257, 8482.67],[1255, 8485],[1254, 8485],[1254, 8488],[1254, 8489],[1253, 8490],[1253, 8498.67],[1251, 8501],[1250, 8501],[1250, 8504],[1250, 8505],[1246, 8509],[1246, 8512],[1246, 8515],[1246, 8516],[1245, 8517],[1243, 8519],[1242, 8519],[1242, 8520],[1242, 8521],[1238, 8525],[1238, 8527],[1238, 8531],[1235, 8534],[1235, 8535],[1234, 8535],[1234, 8536],[1231, 8539],[1231, 8540],[1230, 8541],[1230, 8543],[1230, 8546],[1230, 8547],[1227, 8550],[1227, 8551],[1226, 8552],[1226, 8552.67],[1224, 8555],[1223, 8555],[1223, 8558],[1215, 8566],[1215, 8571],[1215, 8574],[1212, 8577],[1211, 8578],[1210, 8579],[1198, 8579],[1198, 8580],[1197, 8580],[1197, 8600],[1196, 8601],[1196, 8602],[1192, 8602],[1191, 8603],[1190, 8603],[1190, 8604],[1189, 8605],[1189, 8611],[1189, 8612.71],[1188.73, 8613],[1188, 8613],[1188, 8613.79],[1185, 8617],[1184, 8617],[1184, 8620],[1178, 8626],[1178, 8627],[1177, 8628],[1177, 8632],[1177, 8633],[1176, 8633],[1176, 8636],[1173, 8639],[1168, 8644],[1168, 8648],[1166, 8650],[1165, 8651],[1159, 8657],[1157, 8659],[1157, 8660],[1152.5, 8664.5],[1152, 8664],[1148, 8664],[1147, 8665],[1147, 8666],[1146, 8667],[1146, 8671],[1145, 8672],[1145, 8674.17],[1143.43, 8676],[1132, 8676],[1132, 8677],[1131, 8677],[1131, 8687],[1124, 8687],[1124, 8688],[1123, 8688],[1123, 8696],[1115, 8704],[1115, 8708.09],[1111, 8712],[1111, 8713],[1110, 8714],[1110, 8714.08],[1107, 8717],[1107, 8718],[1101, 8718],[1101, 8719],[1100, 8719],[1100, 8727.04],[1099, 8728],[1099, 8729],[1098, 8730],[1098, 8733],[1097, 8734],[1089, 8734],[1089, 8735],[1088, 8735],[1088, 8744],[1088, 8745],[1082, 8745],[1082, 8746],[1081, 8746],[1081, 8749],[1075, 8749],[1073, 8751],[1073, 8754],[1073, 8758],[1073, 8761],[1070, 8761],[1070, 8762],[1069, 8762],[1069, 8764],[1066, 8764],[1066, 8765],[1065, 8765],[1065, 8776],[1063, 8776],[1063, 8777],[1062, 8777],[1062, 8781],[1060, 8783],[1060, 8787],[1057, 8790],[1056, 8790],[1056, 8791],[1055.5, 8791.5],[1055, 8791],[1051, 8791],[1050, 8792],[1050, 8793],[1049, 8794],[1049, 8802],[1048, 8803],[1044, 8807],[1044, 8810.13],[1041, 8813],[1041, 8814],[1040, 8815],[1040, 8816],[1040, 8818],[1039, 8819],[1039, 8819.23],[1036.35, 8822],[1033, 8822],[1032, 8823],[1031, 8823],[1031, 8824],[1030, 8825],[1030, 8826],[1029, 8826],[1028, 8827],[1027, 8827],[1027, 8828],[1026, 8829],[1026, 8832.82],[1022, 8837],[1021, 8837],[1021, 8838],[1020, 8838],[1020, 8839],[1019.08, 8839.92],[1018, 8839],[1017, 8838],[1013, 8838],[1012, 8839],[1012, 8840],[1011, 8841],[1011, 8845],[1010, 8845],[1010, 8846],[1008, 8846],[1008, 8848],[1007, 8848],[1007, 8849],[1006, 8849],[1006, 8850],[1004, 8850],[1004, 8852],[1003, 8852],[1003, 8853],[1002, 8853],[1002, 8854],[1000, 8854],[1000, 8856],[999, 8856],[998, 8857],[997, 8857],[997, 8858],[996, 8859],[996, 8864],[991, 8864],[990, 8865],[989, 8865],[989, 8866],[988, 8867],[988, 8872],[987, 8872],[987, 8873],[985, 8873],[985, 8874],[985, 8875],[984, 8875],[984, 8879],[984, 8882.14],[983.25, 8883],[980, 8883],[979, 8884],[978, 8884],[977, 8885],[977, 8889],[977, 8890],[977, 8893],[977, 8896],[970, 8904],[969, 8905],[969, 8912],[969, 8913],[969, 8916],[969, 8917],[969, 8920],[962, 8927],[961, 8928],[961, 8932],[961, 8937],[961, 8940],[957, 8944],[957, 8948],[953, 8952],[953, 8960],[953, 8961],[953, 8964],[953, 8965],[953, 8968],[953, 8971],[950, 8974],[950, 8975],[949, 8976],[949, 8979],[946, 8982],[946, 8983],[945, 8984],[945, 8998],[939, 9005],[938, 9005],[938, 9009],[938, 9013],[938, 9014],[938, 9017],[934, 9021],[930, 9025],[930, 9029],[923, 9036],[922, 9037],[922, 9038],[922, 9041],[922, 9042],[922, 9044],[908, 9059],[907, 9059],[907, 9060],[907, 9063],[907, 9068],[900, 9074],[900, 9075],[899, 9075],[899, 9076],[899, 9079],[899, 9083],[897, 9085],[892, 9090],[892, 9091],[891, 9091],[891, 9092],[891, 9096],[891, 9100],[891, 9102.43],[888, 9105],[888, 9107],[887, 9107],[887, 9110.43],[884, 9113],[884, 9114],[884, 9115],[883, 9115],[883, 9126.67],[881, 9129],[880, 9129],[880, 9133.43],[877, 9136],[876, 9137],[876, 9141],[876, 9145],[868, 9153],[868, 9157],[868, 9161],[861, 9167],[861, 9168],[860, 9169],[860, 9173],[860, 9174],[860, 9176],[853, 9183],[853, 9184],[852, 9185],[852, 9188.86],[850, 9191],[849, 9191],[849, 9195.43],[846, 9198],[845, 9199],[845, 9200],[845, 9203],[841, 9207],[841, 9211],[838, 9214],[830, 9222],[814, 9238],[814, 9245.42],[800.78, 9259],[797, 9259],[797, 9260],[792, 9260],[785, 9267],[776, 9276],[773, 9279],[769, 9279],[765, 9283],[761, 9283],[750, 9294],[746, 9294],[746, 9295],[745, 9295],[742.04, 9298],[739, 9298],[738, 9299],[737, 9299],[675, 9361],[667, 9369],[667, 9370],[666, 9371],[666, 9374.97],[664, 9377],[663, 9377],[663, 9381],[644, 9400],[644, 9401],[643, 9401],[643, 9402],[643, 9405],[640, 9408],[636, 9412],[636, 9416],[628, 9424],[620, 9432],[620, 9435.3],[613, 9442],[613, 9444],[612, 9444],[612, 9447.46],[605, 9454],[605, 9455],[605, 9456],[604, 9456],[604, 9463],[598, 9470],[597, 9470],[597, 9474],[597, 9479],[590, 9485],[589, 9486],[589, 9494],[589, 9495],[589, 9498],[585, 9502],[585, 9505.43],[582, 9508],[582, 9509],[581, 9510],[581, 9514],[581, 9519],[581, 9521],[581, 9523],[581, 9525],[574, 9532],[574, 9533],[573, 9534],[573, 9552.67],[571, 9555],[570, 9555],[570, 9559.5],[567, 9563],[566, 9563],[566, 9567],[566, 9572],[566, 9575],[566, 9576],[565, 9577],[565, 9580],[558, 9587],[558, 9595],[558, 9599],[558, 9603],[558, 9604],[558, 9606],[555, 9609],[555, 9610],[554, 9610],[554, 9614],[551, 9617],[551, 9618],[550, 9618],[550, 9619],[550, 9623],[550, 9627],[550, 9629.43],[547, 9632],[547, 9634],[546, 9634],[546, 9642],[546, 9645],[543, 9648],[543, 9649],[542, 9650],[542, 9661],[539, 9664],[539, 9668],[535, 9672],[535, 9675],[535, 9680],[535, 9684],[535, 9688],[535, 9691],[535, 9691.43],[532, 9694],[531, 9695],[531, 9699],[528, 9702],[527, 9703]]]},"properties":{"objectType":"annotation","classification":{"name":"Other","color":[255, 200, 0]}}},{"type":"Feature","id":"1c76ce72-2966-4a8f-afd6-21ec49f68a10","geometry":{"type":"Polygon","coordinates":[[[0, 7928],[0, 8418],[10, 8418],[13, 8421],[13, 8482],[14, 8484],[14, 8485],[27, 8498],[27, 8524],[28, 8526],[28, 8527],[41, 8540],[41, 8552],[42, 8554],[42, 8555],[48, 8561],[48, 8634],[48, 8902],[48, 8965],[48, 8973],[49, 8975],[49, 8976],[62, 8989],[62, 8993],[62, 9001],[63, 9003],[63, 9004],[90, 9031],[90, 9035],[90, 9043],[91, 9045],[91, 9046],[174, 9129],[174, 9133],[174, 9141],[175, 9143],[175, 9144],[191, 9160],[192, 9160],[194, 9161],[206, 9161],[289, 9244],[290, 9244],[292, 9245],[304, 9245],[331, 9272],[332, 9272],[334, 9273],[346, 9273],[373, 9300],[374, 9300],[376, 9301],[388, 9301],[401, 9314],[402, 9314],[404, 9315],[416, 9315],[429, 9328],[430, 9328],[432, 9329],[444, 9329],[457, 9342],[458, 9342],[460, 9343],[472, 9343],[485, 9356],[486, 9356],[488, 9357],[500, 9357],[513, 9370],[514, 9370],[516, 9371],[542, 9371],[555, 9384],[556, 9384],[558, 9385],[588, 9385],[590, 9384],[591, 9384],[593, 9382],[593, 9381],[594, 9379],[594, 9373],[621, 9346],[621, 9345],[622, 9343],[622, 9339],[640, 9321],[644, 9321],[646, 9320],[647, 9320],[649, 9318],[649, 9317],[650, 9315],[650, 9311],[668.67, 9292.33],[670, 9293],[672, 9293],[674, 9292],[675, 9292],[677, 9290],[677, 9289],[678, 9287],[678, 9282],[682, 9278],[698, 9262],[698, 9261],[699, 9259],[699, 9258],[707, 9258],[709, 9257],[710, 9257],[712, 9255],[712, 9254],[713, 9252],[713, 9240],[719, 9234],[723, 9230],[728, 9230],[730, 9229],[731, 9229],[733, 9227],[733, 9226],[734, 9224],[734, 9217],[734, 9213],[747, 9200],[747, 9199],[754, 9192],[768, 9178],[768, 9177],[769, 9175],[769, 9170],[775, 9164],[775, 9163],[776, 9161],[776, 9157],[789, 9144],[789, 9143],[796, 9136],[810, 9122],[810, 9121],[811, 9119],[811, 9114],[815, 9110],[817, 9111],[819, 9111],[821, 9110],[822, 9110],[824, 9108],[824, 9107],[825, 9105],[825, 9094],[831, 9088],[831, 9087],[832, 9085],[832, 9084],[832, 9077],[832, 9073],[839, 9066],[845, 9060],[845, 9059],[846, 9057],[846, 9056],[846, 9051],[859, 9038],[859, 9037],[860, 9035],[860, 9029],[860, 9028],[860, 9023],[873, 9010],[873, 9009],[874, 9007],[874, 9002],[878, 8998],[879, 8998],[881, 8996],[881, 8995],[882, 8993],[882, 8981],[887, 8976],[887, 8975],[888, 8973],[888, 8972],[888, 8965],[888, 8960],[894, 8954],[894, 8953],[895, 8951],[895, 8946],[901, 8940],[901, 8939],[902, 8937],[902, 8932],[908, 8926],[908, 8925],[909, 8923],[909, 8909],[909, 8904],[915, 8898],[915, 8897],[916, 8895],[916, 8890],[922, 8884],[922, 8883],[923, 8881],[923, 8876],[929, 8870],[929, 8869],[930, 8867],[930, 8862],[936, 8856],[936, 8855],[937, 8853],[937, 8848],[943, 8842],[948, 8837],[953, 8837],[955, 8836],[956, 8836],[958, 8834],[958, 8833],[959, 8831],[959, 8820],[971, 8808],[971, 8807],[978, 8800],[978, 8799],[979, 8797],[979, 8792],[985, 8786],[999, 8772],[999, 8771],[1000, 8769],[1000, 8764],[1020, 8744],[1020, 8743],[1021, 8741],[1021, 8736],[1027, 8730],[1027, 8729],[1028, 8727],[1028, 8723],[1040, 8711],[1044, 8711],[1046, 8710],[1047, 8710],[1049, 8708],[1049, 8707],[1050, 8705],[1050, 8693],[1055, 8688],[1055, 8687],[1056, 8685],[1056, 8681],[1068, 8669],[1072, 8669],[1074, 8668],[1075, 8668],[1077, 8666],[1077, 8665],[1078, 8663],[1078, 8659],[1083, 8654],[1083, 8653],[1090, 8646],[1090, 8645],[1091, 8643],[1091, 8638],[1097, 8632],[1111, 8618],[1111, 8617],[1112, 8615],[1112, 8611],[1125, 8598],[1125, 8597],[1131, 8591],[1132, 8590],[1133, 8589],[1133, 8588],[1134, 8586],[1134, 8581],[1139, 8576],[1139, 8575],[1140, 8573],[1140, 8569],[1153, 8556],[1153, 8555],[1160, 8548],[1160, 8547],[1161, 8545],[1161, 8534],[1167, 8528],[1167, 8527],[1174, 8520],[1174, 8519],[1175, 8518],[1175, 8517],[1176, 8515],[1176, 8507],[1177, 8507],[1179, 8506],[1180, 8506],[1182, 8504],[1182, 8503],[1183, 8501],[1183, 8497],[1188, 8492],[1188, 8491],[1189, 8489],[1189, 8475],[1189, 8470],[1195, 8464],[1195, 8463],[1196, 8461],[1196, 8456],[1202, 8450],[1202, 8449],[1203, 8447],[1203, 8419],[1203, 8414],[1209, 8408],[1209, 8407],[1210, 8405],[1210, 8399],[1210, 8398],[1210, 8384],[1210, 8377],[1210, 8363],[1210, 8305],[1210, 8232],[1216, 8226],[1216, 8225],[1217, 8223],[1217, 8181],[1217, 8176],[1223, 8170],[1223, 8169],[1224, 8167],[1224, 8161],[1224, 8160],[1224, 8153],[1224, 8148],[1230, 8142],[1230, 8141],[1231, 8139],[1231, 8134],[1237, 8128],[1237, 8127],[1238, 8125],[1238, 8120],[1244, 8114],[1244, 8113],[1245, 8111],[1245, 8100],[1251, 8094],[1251, 8093],[1258, 8086],[1258, 8085],[1259, 8083],[1259, 8072],[1265, 8066],[1265, 8065],[1272, 8058],[1272, 8057],[1273, 8055],[1273, 8050],[1279, 8044],[1279, 8043],[1280, 8041],[1280, 8037],[1293, 8024],[1293, 8023],[1300, 8016],[1300, 8015],[1301, 8013],[1301, 8008],[1307, 8002],[1307, 8001],[1308, 7999],[1308, 7995],[1335, 7968],[1335, 7967],[1342, 7960],[1342, 7959],[1343, 7957],[1343, 7952],[1349, 7946],[1363, 7932],[1363, 7931],[1364, 7929],[1364, 7925],[1377, 7912],[1377, 7911],[1384, 7904],[1384, 7903],[1385, 7901],[1385, 7896],[1391, 7890],[1391, 7889],[1392, 7887],[1392, 7882],[1398, 7876],[1398, 7875],[1399, 7873],[1399, 7868],[1405, 7862],[1405, 7861],[1407, 7859],[1407, 7858],[1408, 7856],[1408, 7853],[1413, 7848],[1419, 7842],[1419, 7841],[1426, 7834],[1426, 7833],[1427, 7831],[1427, 7826],[1433, 7820],[1433, 7819],[1434, 7817],[1434, 7813],[1447, 7800],[1447, 7799],[1454, 7792],[1454, 7791],[1455, 7789],[1455, 7784],[1461, 7778],[1461, 7777],[1462, 7775],[1462, 7771],[1475, 7758],[1475, 7757],[1476, 7755],[1476, 7754],[1476, 7747],[1476, 7743],[1489, 7730],[1489, 7729],[1490, 7727],[1490, 7726],[1490, 7719],[1490, 7715],[1503, 7702],[1503, 7701],[1504, 7699],[1504, 7698],[1504, 7691],[1504, 7686],[1510, 7680],[1510, 7679],[1511, 7677],[1511, 7663],[1511, 7658],[1517, 7652],[1517, 7651],[1518, 7649],[1518, 7643],[1518, 7642],[1518, 7635],[1518, 7630],[1524, 7624],[1524, 7623],[1525, 7621],[1525, 7610],[1531, 7604],[1531, 7603],[1532, 7601],[1532, 7600],[1532, 7593],[1532, 7588],[1538, 7582],[1538, 7581],[1539, 7579],[1539, 7568],[1539, 7567],[1545, 7561],[1552, 7554],[1552, 7553],[1553, 7551],[1553, 7540],[1553, 7539],[1559, 7533],[1559, 7532],[1560, 7530],[1560, 7528],[1560, 7525],[1573, 7512],[1573, 7511],[1574, 7509],[1574, 7507],[1574, 7504],[1580, 7498],[1580, 7497],[1581, 7495],[1581, 7490],[1601, 7470],[1601, 7469],[1602, 7467],[1602, 7465],[1601, 7463],[1602, 7462],[1608, 7456],[1608, 7455],[1609, 7453],[1609, 7451],[1609, 7448],[1622, 7435],[1636, 7421],[1637, 7420],[1637, 7419],[1638, 7417],[1638, 7413],[1652, 7399],[1661, 7399],[1663, 7398],[1664, 7398],[1666, 7396],[1666, 7395],[1667, 7393],[1667, 7384],[1679, 7372],[1679, 7371],[1686, 7364],[1692, 7358],[1692, 7357],[1693, 7355],[1693, 7350],[1707, 7336],[1707, 7335],[1714, 7328],[1714, 7327],[1715, 7325],[1715, 7322],[1721, 7316],[1721, 7315],[1728, 7308],[1728, 7307],[1729, 7305],[1729, 7304],[1729, 7300],[1735, 7294],[1735, 7293],[1736, 7291],[1736, 7286],[1742, 7280],[1742, 7279],[1743, 7277],[1743, 7276],[1743, 7272],[1749, 7266],[1749, 7265],[1750, 7263],[1750, 7262],[1751, 7260],[1751, 7257],[1756, 7252],[1756, 7251],[1757, 7249],[1757, 7241],[1757, 7234],[1757, 7224],[1763, 7218],[1763, 7217],[1764, 7215],[1764, 7214],[1764, 7207],[1764, 7199],[1764, 7188],[1770, 7182],[1770, 7181],[1771, 7179],[1771, 7171],[1771, 7164],[1771, 7146],[1777, 7140],[1777, 7139],[1778, 7137],[1778, 7130],[1778, 7129],[1778, 7118],[1784, 7112],[1784, 7111],[1785, 7109],[1785, 7101],[1785, 7097],[1791, 7091],[1791, 7090],[1792, 7088],[1792, 7081],[1792, 7079],[1792, 7076],[1798, 7070],[1798, 7069],[1799, 7067],[1799, 7059],[1799, 7055],[1805, 7049],[1805, 7048],[1806, 7046],[1806, 7045],[1806, 7039],[1806, 7034],[1812, 7028],[1819, 7021],[1819, 7020],[1820, 7018],[1820, 7017],[1820, 7016],[1820, 7011],[1820, 7006],[1826, 7000],[1826, 6999],[1827, 6997],[1827, 6996],[1827, 6992],[1833, 6986],[1833, 6985],[1834, 6983],[1834, 6978],[1840, 6972],[1840, 6971],[1841, 6969],[1841, 6968],[1841, 6964],[1847, 6958],[1847, 6957],[1848, 6955],[1848, 6950],[1854, 6944],[1854, 6943],[1861, 6936],[1861, 6935],[1862, 6933],[1862, 6927],[1862, 6922],[1875, 6909],[1875, 6908],[1876, 6906],[1876, 6905],[1876, 6901],[1889, 6888],[1889, 6887],[1890, 6885],[1890, 6878],[1890, 6877],[1890, 6873],[1903, 6860],[1903, 6859],[1904, 6857],[1905, 6856],[1905, 6855],[1906, 6853],[1906, 6850],[1917, 6839],[1917, 6838],[1918, 6836],[1918, 6835],[1918, 6830],[1938, 6810],[1938, 6809],[1947, 6800],[1947, 6799],[1948, 6797],[1948, 6794],[1959, 6783],[1959, 6782],[1963, 6782],[1965, 6781],[1966, 6781],[1968, 6779],[1968, 6778],[1969, 6776],[1969, 6765],[1994, 6740],[1994, 6739],[1995, 6737],[1995, 6732],[2001, 6726],[2008, 6719],[2008, 6718],[2009, 6716],[2009, 6711],[2012, 6711],[2014, 6710],[2015, 6710],[2017, 6708],[2017, 6707],[2018, 6705],[2018, 6702],[2022, 6698],[2050, 6670],[2050, 6669],[2051, 6667],[2051, 6662],[2058.33, 6654.67],[2059, 6655],[2061, 6655],[2063, 6654],[2064, 6654],[2078, 6640],[2080, 6638],[2094, 6624],[2094, 6623],[2095, 6621],[2095, 6611],[2107, 6599],[2117, 6599],[2119, 6598],[2120, 6598],[2122, 6596],[2122, 6595],[2123, 6593],[2123, 6569],[2134, 6558],[2134, 6557],[2135, 6555],[2135, 6550],[2142, 6543],[2148, 6537],[2148, 6536],[2149, 6534],[2149, 6529],[2149, 6528],[2150, 6526],[2150, 6525],[2150, 6521],[2156, 6515],[2159, 6515],[2161, 6514],[2162, 6514],[2164, 6512],[2164, 6511],[2165, 6509],[2165, 6496],[2165, 6492],[2177, 6480],[2184, 6473],[2190, 6467],[2191, 6466],[2191, 6465],[2192, 6463],[2192, 6457],[2192, 6456],[2193, 6454],[2193, 6450],[2198, 6445],[2215, 6445],[2217, 6444],[2218, 6444],[2220, 6442],[2220, 6441],[2221, 6439],[2221, 6422],[2226, 6417],[2233, 6410],[2247, 6396],[2247, 6395],[2248, 6393],[2248, 6387],[2255, 6380],[2261, 6374],[2261, 6373],[2262, 6371],[2262, 6367],[2268, 6361],[2275, 6354],[2275, 6353],[2276, 6351],[2276, 6350],[2276, 6346],[2282, 6340],[2285, 6340],[2287, 6339],[2288, 6339],[2290, 6337],[2290, 6336],[2291, 6334],[2291, 6328],[2291, 6324],[2303, 6312],[2310, 6305],[2310, 6304],[2321, 6304],[2323, 6303],[2324, 6303],[2326, 6301],[2326, 6300],[2327, 6298],[2327, 6280],[2331, 6276],[2331, 6275],[2332, 6273],[2332, 6269],[2338, 6263],[2345, 6256],[2345, 6255],[2346, 6254],[2352, 6248],[2352, 6247],[2353, 6245],[2353, 6244],[2353, 6241],[2360, 6234],[2377, 6234],[2379, 6233],[2380, 6233],[2382, 6231],[2382, 6230],[2383, 6228],[2383, 6216],[2396, 6203],[2396, 6202],[2397, 6200],[2397, 6197],[2415, 6179],[2415, 6178],[2442, 6151],[2446, 6147],[2452, 6147],[2454, 6146],[2455, 6146],[2504, 6097],[2508, 6097],[2510, 6096],[2511, 6096],[2513, 6094],[2531, 6094],[2533, 6093],[2534, 6093],[2536, 6091],[2536, 6090],[2537, 6088],[2537, 6070],[2540, 6067],[2547, 6060],[2574, 6033],[2575, 6032],[2597, 6010],[2618, 5989],[2619, 5988],[2626, 5981],[2647, 5960],[2647, 5959],[2648, 5957],[2648, 5954],[2657, 5954],[2659, 5953],[2660, 5953],[2662, 5951],[2662, 5950],[2663, 5948],[2663, 5937],[2667, 5933],[2668, 5932],[2674, 5926],[2681, 5919],[2685, 5919],[2687, 5918],[2688, 5918],[2704, 5902],[2704, 5901],[2705, 5899],[2705, 5888],[2716, 5877],[2723, 5877],[2736, 5890],[2737, 5890],[2739, 5891],[2741, 5891],[2743, 5890],[2744, 5890],[2746, 5888],[2746, 5887],[2747, 5885],[2747, 5873],[2757, 5863],[2769, 5863],[2771, 5862],[2772, 5862],[2774, 5860],[2774, 5859],[2775, 5857],[2775, 5848],[2783, 5848],[2785, 5847],[2786, 5847],[2788, 5845],[2788, 5844],[2789, 5842],[2789, 5841],[2797, 5841],[2799, 5840],[2800, 5840],[2802, 5838],[2816, 5824],[2816, 5823],[2817, 5821],[2817, 5816],[2828, 5805],[2830, 5803],[2835, 5798],[2841, 5792],[2853, 5792],[2855, 5791],[2856, 5791],[2858, 5789],[2858, 5788],[2859, 5786],[2859, 5779],[2859, 5774],[2862, 5771],[2867, 5771],[2869, 5770],[2870, 5770],[2872, 5768],[2872, 5767],[2873, 5765],[2873, 5758],[2873, 5751],[2873, 5748],[2878, 5743],[2881, 5743],[2883, 5742],[2884, 5742],[2900, 5726],[2900, 5725],[2901, 5723],[2901, 5718],[2914, 5705],[2914, 5704],[2915, 5702],[2915, 5701],[2923, 5701],[2925, 5700],[2926, 5700],[2928, 5698],[2928, 5697],[2929, 5695],[2929, 5683],[2933, 5679],[2942, 5670],[2946, 5666],[2952, 5666],[2954, 5665],[2955, 5665],[2961, 5659],[2965, 5659],[2967, 5658],[2968, 5658],[2970, 5656],[2970, 5655],[2971, 5653],[2971, 5649],[2971, 5648],[2971.33, 5647.33],[2975, 5651],[2976, 5651],[2978, 5652],[2980, 5652],[2982, 5651],[2983, 5651],[2985, 5649],[2985, 5648],[2986, 5646],[2986, 5624],[2993, 5624],[2995, 5623],[2996, 5623],[2998, 5621],[2998, 5620],[2999, 5618],[2999, 5607],[2999, 5606],[3000, 5604],[3000, 5603],[3014, 5603],[3016, 5602],[3017, 5602],[3019, 5600],[3019, 5599],[3020, 5597],[3020, 5589],[3021, 5589],[3023, 5588],[3024, 5588],[3038, 5574],[3039, 5574],[3041, 5572],[3041, 5571],[3042, 5569],[3042, 5557],[3052, 5547],[3064, 5547],[3066, 5546],[3067, 5546],[3069, 5544],[3069, 5543],[3070, 5541],[3070, 5529],[3083, 5516],[3083, 5515],[3084, 5513],[3084, 5506],[3084, 5502],[3088, 5498],[3099, 5498],[3101, 5497],[3102, 5497],[3104, 5495],[3104, 5494],[3105, 5492],[3105, 5486.5],[3106, 5486],[3107, 5486],[3109, 5484],[3109, 5483],[3110, 5481],[3110, 5475],[3115, 5470],[3120, 5470],[3122, 5469],[3123, 5469],[3139, 5453],[3139, 5452],[3140, 5450],[3140, 5431],[3151, 5420],[3153, 5418],[3165, 5406],[3167, 5404],[3167, 5403],[3168, 5401],[3168, 5387],[3168, 5385],[3190, 5385],[3192, 5384],[3193, 5384],[3195, 5382],[3195, 5381],[3196, 5379],[3196, 5367],[3209, 5354],[3209, 5353],[3210, 5351],[3210, 5347],[3217, 5340],[3217, 5339],[3218, 5337],[3218, 5332],[3228, 5322],[3228, 5321],[3229, 5319],[3229, 5317],[3228, 5315],[3228, 5314],[3230, 5312],[3230, 5311],[3231, 5309],[3231, 5305],[3256, 5280],[3256, 5279],[3257, 5277],[3257, 5275],[3256, 5273],[3256, 5272],[3252.5, 5268.5],[3256, 5265],[3258, 5263],[3265, 5256],[3265, 5255],[3266, 5253],[3266, 5245],[3275, 5245],[3277, 5244],[3278, 5244],[3280, 5242],[3280, 5241],[3280.33, 5240.33],[3281, 5240],[3282, 5240],[3284, 5238],[3284, 5237],[3285, 5235],[3285, 5223],[3287, 5221],[3294, 5214],[3294, 5213],[3295, 5211],[3295, 5206],[3305, 5196],[3305, 5195],[3306, 5195],[3308, 5193],[3308, 5192],[3309, 5190],[3309, 5185],[3326, 5168],[3326, 5167],[3327, 5165],[3327, 5159],[3328, 5158],[3328, 5157],[3329, 5155],[3329, 5154],[3330, 5154],[3332, 5153],[3333, 5153],[3335, 5151],[3335, 5150],[3336, 5148],[3336, 5137],[3336, 5136],[3339, 5133],[3344, 5133],[3346, 5132],[3347, 5132],[3349, 5130],[3349, 5129],[3350, 5127],[3350, 5116],[3350, 5115],[3351, 5113],[3351, 5112],[3353, 5111],[3354, 5111],[3356, 5109],[3356, 5108],[3357, 5106],[3357, 5105],[3358, 5105],[3360, 5104],[3361, 5104],[3363, 5102],[3363, 5101],[3364, 5099],[3364, 5095],[3369, 5090],[3371, 5088],[3378, 5081],[3379, 5080],[3382, 5083],[3383, 5083],[3385, 5084],[3387, 5084],[3389, 5083],[3390, 5083],[3392, 5081],[3392, 5080],[3393, 5078],[3393, 5059],[3406, 5046],[3406, 5045],[3407, 5043],[3407, 5042],[3415, 5042],[3417, 5041],[3418, 5041],[3420, 5039],[3420, 5038],[3421, 5036],[3421, 5028],[3422, 5028],[3424, 5027],[3425, 5027],[3427, 5025],[3427, 5024],[3428, 5022],[3428, 5010],[3432, 5006],[3441, 4997],[3448, 4990],[3448, 4989],[3449, 4987],[3449, 4986],[3450, 4986],[3452, 4985],[3453, 4985],[3466, 4972],[3471, 4972],[3473, 4971],[3474, 4971],[3476, 4969],[3476, 4968],[3477, 4966],[3477, 4964],[3485, 4964],[3487, 4963],[3488, 4963],[3490, 4961],[3490, 4960],[3491, 4958],[3491, 4950],[3492, 4950],[3494, 4949],[3495, 4949],[3497, 4947],[3497, 4946],[3498, 4944],[3498, 4939],[3501, 4936],[3513, 4936],[3515, 4935],[3516, 4935],[3518, 4933],[3518, 4932],[3519, 4930],[3519, 4922],[3534, 4922],[3536, 4921],[3537, 4921],[3539, 4919],[3539, 4918],[3540, 4916],[3540, 4908],[3541, 4908],[3543, 4907],[3544, 4907],[3546, 4905],[3546, 4904],[3547, 4902],[3547, 4901],[3555, 4901],[3557, 4900],[3558, 4900],[3560, 4898],[3560, 4897],[3561, 4895],[3561, 4874],[3561, 4873],[3576, 4873],[3578, 4872],[3579, 4872],[3581, 4870],[3581, 4869],[3582, 4867],[3582, 4862],[3588, 4856],[3588, 4855],[3589, 4853],[3589, 4848],[3595, 4848],[3597, 4847],[3598, 4847],[3600, 4845],[3600, 4844],[3601, 4842],[3601, 4829],[3602, 4828],[3602, 4827],[3603, 4825],[3603, 4822],[3608, 4817],[3619, 4817],[3621, 4816],[3622, 4816],[3638, 4800],[3638, 4799],[3639, 4797],[3639, 4792],[3650, 4781],[3652, 4779],[3666, 4765],[3666, 4764],[3667, 4762],[3667, 4755],[3667, 4754],[3668, 4754],[3670, 4753],[3671, 4753],[3673, 4751],[3673, 4750],[3674, 4748],[3674, 4736],[3680, 4730],[3680, 4729],[3681, 4727],[3681, 4722],[3686, 4717],[3687, 4716],[3693, 4710],[3693, 4709],[3694, 4707],[3694, 4703],[3694, 4702],[3699, 4697],[3701, 4695],[3701, 4694],[3707, 4694],[3709, 4693],[3710, 4693],[3712, 4691],[3712, 4690],[3713, 4688],[3713, 4676],[3714, 4675],[3714, 4674],[3715, 4672],[3715, 4667],[3722, 4660],[3722, 4659],[3723, 4657],[3723, 4652],[3728, 4647],[3729, 4646],[3730, 4645],[3735, 4645],[3737, 4644],[3738, 4644],[3740, 4642],[3745, 4637],[3749, 4637],[3751, 4636],[3752, 4636],[3754, 4634],[3754, 4633],[3755, 4631],[3755, 4625],[3755, 4624],[3755, 4612],[3768, 4599],[3768, 4598],[3769, 4596],[3769, 4595],[3770, 4595],[3772, 4594],[3773, 4594],[3775, 4592],[3775, 4591],[3776, 4589],[3776, 4582],[3776, 4574],[3777, 4574],[3779, 4573],[3780, 4573],[3782, 4571],[3782, 4570],[3783, 4568],[3783, 4565],[3793, 4555],[3793, 4554],[3794, 4552],[3794, 4547],[3807, 4534],[3828, 4513],[3828, 4512],[3828.5, 4511],[3847, 4511],[3849, 4510],[3850, 4510],[3852, 4508],[3852, 4507],[3853, 4505],[3853, 4497],[3854, 4497],[3856, 4496],[3857, 4496],[3864, 4489],[3866, 4487],[3870, 4483],[3875, 4483],[3877, 4482],[3878, 4482],[3880, 4480],[3880, 4479],[3881, 4477],[3881, 4455],[3890, 4455],[3892, 4454],[3893, 4454],[3895, 4452],[3895, 4451],[3896, 4449],[3896, 4434],[3904, 4434],[3906, 4433],[3907, 4433],[3909, 4431],[3909, 4430],[3910, 4428],[3910, 4406],[3918, 4406],[3920, 4405],[3921, 4405],[3923, 4403],[3923, 4402],[3924, 4400],[3924, 4392],[3925, 4392],[3927, 4391],[3928, 4391],[3930, 4389],[3930, 4388],[3931, 4386],[3931, 4364],[3932, 4364],[3934, 4363],[3935, 4363],[3951, 4347],[3951, 4346],[3952, 4344],[3952, 4339],[3965, 4326],[3965, 4325],[3966, 4323],[3966, 4315],[3974, 4315],[3976, 4314],[3977, 4314],[3979, 4312],[3979, 4311],[3980, 4309],[3980, 4301],[3988, 4301],[3990, 4300],[3991, 4300],[3993, 4298],[3993, 4297],[3994, 4295],[3994, 4284],[3999, 4279],[4016, 4279],[4018, 4278],[4019, 4278],[4021, 4276],[4021, 4275],[4022, 4273],[4022, 4265],[4030, 4265],[4032, 4264],[4033, 4264],[4035, 4262],[4035, 4261],[4036, 4259],[4036, 4251],[4037, 4251],[4039, 4250],[4040, 4250],[4056, 4234],[4056, 4233],[4057, 4231],[4057, 4230],[4065, 4230],[4067, 4229],[4068, 4229],[4070, 4227],[4070, 4226],[4071, 4224],[4071, 4223],[4072, 4223],[4074, 4222],[4075, 4222],[4077, 4220],[4077, 4219],[4078, 4217],[4078, 4214],[4083, 4209],[4086, 4209],[4088, 4208],[4089, 4208],[4091, 4206],[4105, 4192],[4105, 4191],[4106, 4189],[4106, 4188],[4121, 4188],[4123, 4187],[4124, 4187],[4126, 4185],[4126, 4184],[4127, 4182],[4127, 4172],[4132, 4167],[4142, 4167],[4144, 4166],[4145, 4166],[4147, 4164],[4147, 4163],[4148, 4161],[4148, 4160],[4156, 4160],[4158, 4159],[4159, 4159],[4161, 4157],[4161, 4156],[4162, 4154],[4162, 4139],[4170, 4139],[4172, 4138],[4173, 4138],[4186, 4125],[4191, 4125],[4193, 4124],[4194, 4124],[4196, 4122],[4196, 4121],[4197, 4119],[4197, 4109],[4209, 4097],[4212, 4097],[4214, 4096],[4215, 4096],[4231, 4080],[4231, 4079],[4232, 4077],[4232, 4074],[4237, 4069],[4247, 4069],[4249, 4068],[4250, 4068],[4252, 4066],[4252, 4065],[4253, 4063],[4253, 4062],[4254, 4062],[4256, 4061],[4257, 4061],[4259, 4059],[4259, 4058],[4260, 4056],[4260, 4055],[4261, 4055],[4263, 4054],[4264, 4054],[4266, 4052],[4266, 4051],[4267, 4049],[4267, 4032],[4272, 4027],[4282, 4027],[4284, 4026],[4285, 4026],[4287, 4024],[4287, 4023],[4288, 4021],[4288, 4016],[4291, 4013],[4303, 4013],[4305, 4012],[4306, 4012],[4308, 4010],[4308, 4009],[4309, 4007],[4309, 4002],[4313, 3998],[4322, 3989],[4329, 3982],[4329, 3981],[4330, 3979],[4330, 3975],[4335, 3970],[4341, 3964],[4353, 3964],[4355, 3963],[4356, 3963],[4358, 3961],[4358, 3960],[4359, 3958],[4359, 3957],[4360, 3957],[4362, 3956],[4363, 3956],[4365, 3954],[4365, 3953],[4366, 3951],[4366, 3939],[4376, 3929],[4388, 3929],[4390, 3928],[4391, 3928],[4393, 3926],[4393, 3925],[4394, 3923],[4394, 3911],[4397, 3908],[4409, 3908],[4411, 3907],[4412, 3907],[4414, 3905],[4414, 3904],[4415, 3902],[4415, 3901],[4423, 3901],[4425, 3900],[4426, 3900],[4428, 3898],[4428, 3897],[4429, 3895],[4429, 3884],[4433, 3880],[4437, 3880],[4439, 3879],[4440, 3879],[4441, 3878],[4442, 3878],[4449, 3871],[4454, 3866],[4458, 3866],[4460, 3865],[4467, 3865],[4469, 3864],[4470, 3864],[4477, 3857],[4482, 3852],[4486, 3852],[4488, 3851],[4495, 3851],[4497, 3850],[4498, 3850],[4505, 3843],[4510, 3838],[4515, 3838],[4517, 3837],[4523, 3837],[4525, 3836],[4526, 3836],[4532, 3830],[4537, 3830],[4539, 3829],[4540, 3829],[4546, 3823],[4558, 3823],[4560, 3822],[4561, 3822],[4567, 3816],[4572, 3816],[4574, 3815],[4575, 3815],[4581, 3809],[4586, 3809],[4588, 3808],[4589, 3808],[4595, 3802],[4605, 3802],[4607, 3801],[4608, 3801],[4610, 3799],[4610, 3798],[4611, 3796],[4611, 3793],[4616, 3788],[4626, 3788],[4628, 3787],[4629, 3787],[4642, 3774],[4661, 3774],[4663, 3773],[4664, 3773],[4666, 3771],[4666, 3770],[4667, 3768],[4667, 3753],[4675, 3753],[4677, 3752],[4678, 3752],[4694, 3736],[4694, 3735],[4695, 3733],[4695, 3728],[4698, 3725],[4710, 3725],[4712, 3724],[4713, 3724],[4726, 3711],[4731, 3711],[4733, 3710],[4734, 3710],[4736, 3708],[4736, 3707],[4737, 3705],[4737, 3681],[4738, 3680],[4742, 3676],[4746, 3676],[4748, 3675],[4749, 3675],[4762, 3662],[4774, 3662],[4776, 3661],[4777, 3661],[4779, 3659],[4779, 3658],[4780, 3656],[4780, 3631],[4784, 3627],[4789, 3627],[4791, 3626],[4792, 3626],[4812, 3606],[4816, 3606],[4818, 3605],[4819, 3605],[4821, 3603],[4821, 3602],[4822, 3600],[4822, 3599],[4823, 3599],[4825, 3598],[4826, 3598],[4828, 3596],[4828, 3595],[4829, 3593],[4829, 3589],[4834, 3584],[4841, 3577],[4848, 3570],[4854, 3564],[4865, 3564],[4867, 3563],[4868, 3563],[4870, 3561],[4870, 3560],[4871, 3558],[4871, 3554],[4875, 3550],[4879, 3550],[4881, 3549],[4882, 3549],[4898, 3533],[4898, 3532],[4899, 3530],[4899, 3529],[4907, 3529],[4909, 3528],[4910, 3528],[4912, 3526],[4912, 3525],[4913, 3523],[4913, 3512],[4917, 3508],[4928, 3508],[4930, 3507],[4931, 3507],[4933, 3505],[4933, 3504],[4934, 3502],[4934, 3497],[4947, 3484],[4947, 3483],[4948, 3481],[4948, 3477],[4966, 3459],[4971, 3459],[4973, 3458],[4974, 3458],[4995, 3437],[5002, 3430],[5009, 3423],[5016, 3416],[5022, 3410],[5027, 3410],[5029, 3409],[5030, 3409],[5037, 3402],[5044, 3395],[5051, 3388],[5064, 3375],[5069, 3375],[5071, 3374],[5072, 3374],[5078, 3368],[5083, 3368],[5085, 3367],[5086, 3367],[5093, 3360],[5100, 3353],[5106, 3347],[5111, 3347],[5113, 3346],[5114, 3346],[5120, 3340],[5125, 3340],[5127, 3339],[5128, 3339],[5134, 3333],[5139, 3333],[5141, 3332],[5142, 3332],[5149, 3325],[5156, 3318],[5162, 3312],[5167, 3312],[5169, 3311],[5170, 3311],[5176, 3305],[5181, 3305],[5183, 3304],[5184, 3304],[5186, 3302],[5190, 3298],[5195, 3298],[5197, 3297],[5198, 3297],[5204, 3291],[5209, 3291],[5211, 3290],[5212, 3290],[5218, 3284],[5223, 3284],[5225, 3283],[5226, 3283],[5232, 3277],[5244, 3277],[5246, 3276],[5247, 3276],[5253, 3270],[5258, 3270],[5260, 3269],[5261, 3269],[5267, 3263],[5279, 3263],[5281, 3262],[5282, 3262],[5289, 3255],[5291, 3253],[5295, 3249],[5307, 3249],[5309, 3248],[5310, 3248],[5316, 3242],[5321, 3242],[5323, 3241],[5324, 3241],[5330, 3235],[5342, 3235],[5344, 3234],[5345, 3234],[5351, 3228],[5356, 3228],[5358, 3227],[5359, 3227],[5361, 3225],[5365, 3221],[5370, 3221],[5372, 3220],[5373, 3220],[5379, 3214],[5384, 3214],[5386, 3213],[5387, 3213],[5393, 3207],[5398, 3207],[5400, 3206],[5401, 3206],[5403, 3204],[5403, 3203],[5404, 3201],[5404, 3200],[5412, 3200],[5414, 3199],[5415, 3199],[5422, 3192],[5428, 3186],[5433, 3186],[5435, 3185],[5436, 3185],[5438, 3183],[5442, 3179],[5447, 3179],[5449, 3178],[5450, 3178],[5452, 3176],[5456, 3172],[5461, 3172],[5463, 3171],[5464, 3171],[5470, 3165],[5475, 3165],[5477, 3164],[5478, 3164],[5484, 3158],[5489, 3158],[5491, 3157],[5492, 3157],[5494, 3155],[5494, 3154],[5495, 3152],[5495, 3151],[5503, 3151],[5505, 3150],[5506, 3150],[5508, 3148],[5508, 3147],[5509, 3145],[5509, 3143],[5508, 3141],[5508, 3140],[5495, 3127],[5495, 3101],[5494, 3099],[5494, 3098],[5481, 3085],[5481, 3073],[5480, 3071],[5480, 3070],[5467, 3057],[5467, 3045],[5466, 3043],[5466, 3042],[5453, 3029],[5453, 3017],[5452, 3015],[5452, 3014],[5439, 3001],[5439, 2989],[5438, 2987],[5438, 2986],[5425, 2973],[5425, 2961],[5424, 2959],[5424, 2958],[5397, 2931],[5397, 2919],[5396, 2917],[5396, 2916],[5369, 2889],[5369, 2877],[5368, 2875],[5368, 2874],[5285, 2791],[5285, 2779],[5284, 2777],[5284, 2776],[5268, 2760],[5267, 2760],[5265, 2759],[5253, 2759],[5170, 2676],[5169, 2676],[5167, 2675],[5155, 2675],[5128, 2648],[5127, 2648],[5125, 2647],[5113, 2647],[5086, 2620],[5085, 2620],[5083, 2619],[5071, 2619],[5058, 2606],[5057, 2606],[5055, 2605],[5043, 2605],[5030, 2592],[5029, 2592],[5027, 2591],[5015, 2591],[5002, 2578],[5001, 2578],[4999, 2577],[4987, 2577],[4974, 2564],[4973, 2564],[4971, 2563],[4959, 2563],[4946, 2550],[4945, 2550],[4943, 2549],[4917, 2549],[4904, 2536],[4903, 2536],[4901, 2535],[4889, 2535],[4876, 2522],[4875, 2522],[4873, 2521],[4847, 2521],[4834, 2508],[4833, 2508],[4831, 2507],[4791, 2507],[4778, 2494],[4777, 2494],[4775, 2493],[4763, 2493],[4753, 2483],[4753, 2471],[4752, 2469],[4752, 2468],[4750, 2466],[4749, 2466],[4747, 2465],[4318, 2465],[4316, 2466],[4315, 2466],[4313, 2468],[4313, 2469],[4312, 2471],[4312, 2472],[4311, 2472],[4309, 2473],[4308, 2473],[4306, 2475],[4306, 2476],[4305, 2478],[4305, 2479],[4304, 2479],[4302, 2480],[4301, 2480],[4299, 2482],[4299, 2483],[4298, 2485],[4298, 2486],[4290, 2486],[4288, 2487],[4287, 2487],[4285, 2489],[4285, 2490],[4284, 2492],[4284, 2493],[4283, 2493],[4281, 2494],[4280, 2494],[4278, 2496],[4278, 2497],[4277, 2499],[4277, 2500],[4255, 2500],[4253, 2501],[4252, 2501],[4250, 2503],[4250, 2504],[4249, 2506],[4249, 2507],[4234, 2507],[4232, 2508],[4231, 2508],[4225, 2514],[4220, 2514],[4218, 2515],[4217, 2515],[4215, 2517],[4215, 2518],[4214, 2520],[4214, 2521],[4192, 2521],[4190, 2522],[4189, 2522],[4183, 2528],[4171, 2528],[4169, 2529],[4168, 2529],[4166, 2531],[4166, 2532],[4165, 2534],[4165, 2535],[4164, 2535],[4162, 2536],[4161, 2536],[4154, 2543],[4148, 2549],[4108, 2549],[4106, 2550],[4105, 2550],[4103, 2552],[4103, 2553],[4102, 2555],[4102, 2563],[4094, 2563],[4092, 2564],[4091, 2564],[4084, 2571],[4078, 2577],[4038, 2577],[4036, 2578],[4035, 2578],[4033, 2580],[4033, 2581],[4032, 2583],[4032, 2591],[4003, 2591],[4001, 2592],[4000, 2592],[3998, 2594],[3998, 2595],[3997, 2597],[3997, 2605],[3982, 2605],[3980, 2606],[3979, 2606],[3972, 2613],[3971, 2613],[3969, 2615],[3969, 2616],[3966, 2619],[3939, 2619],[3937, 2620],[3936, 2620],[3934, 2622],[3934, 2623],[3933, 2625],[3933, 2633],[3904, 2633],[3902, 2634],[3901, 2634],[3899, 2636],[3899, 2637],[3898, 2639],[3898, 2640],[3890, 2640],[3888, 2641],[3887, 2641],[3885, 2643],[3885, 2644],[3884, 2646],[3884, 2647],[3877, 2647],[3875, 2648],[3874, 2648],[3868, 2654],[3834, 2654],[3832, 2655],[3831, 2655],[3829, 2657],[3829, 2658],[3828, 2660],[3828, 2668],[3820, 2668],[3818, 2669],[3817, 2669],[3815, 2671],[3815, 2672],[3814, 2674],[3814, 2675],[3807, 2675],[3805, 2676],[3804, 2676],[3798, 2682],[3778, 2682],[3776, 2683],[3775, 2683],[3773, 2685],[3773, 2686],[3772, 2688],[3772, 2689],[3736, 2689],[3734, 2690],[3733, 2690],[3731, 2692],[3731, 2693],[3730, 2695],[3730, 2707],[3727, 2710],[3708, 2710],[3706, 2711],[3705, 2711],[3698, 2718],[3696, 2720],[3692, 2724],[3673, 2724],[3671, 2725],[3670, 2725],[3668, 2727],[3668, 2728],[3667, 2730],[3667, 2731],[3652, 2731],[3650, 2732],[3649, 2732],[3643, 2738],[3638, 2738],[3636, 2739],[3635, 2739],[3629, 2745],[3610, 2745],[3608, 2746],[3607, 2746],[3594, 2759],[3582, 2759],[3580, 2760],[3579, 2760],[3566, 2773],[3540, 2773],[3538, 2774],[3537, 2774],[3524, 2787],[3512, 2787],[3510, 2788],[3509, 2788],[3496, 2801],[3484, 2801],[3482, 2802],[3481, 2802],[3474, 2809],[3468, 2815],[3456, 2815],[3454, 2816],[3453, 2816],[3446, 2823],[3440, 2829],[3428, 2829],[3426, 2830],[3425, 2830],[3418, 2837],[3412, 2843],[3400, 2843],[3398, 2844],[3397, 2844],[3390, 2851],[3384, 2857],[3364, 2857],[3362, 2858],[3361, 2858],[3348, 2871],[3336, 2871],[3334, 2872],[3333, 2872],[3320, 2885],[3294, 2885],[3292, 2886],[3291, 2886],[3278, 2899],[3266, 2899],[3264, 2900],[3263, 2900],[3250, 2913],[3238, 2913],[3236, 2914],[3235, 2914],[3228, 2921],[3222, 2927],[3210, 2927],[3208, 2928],[3207, 2928],[3200, 2935],[3194, 2941],[3182, 2941],[3180, 2942],[3179, 2942],[3172, 2949],[3166, 2955],[3154, 2955],[3152, 2956],[3151, 2956],[3144, 2963],[3131, 2976],[3119, 2976],[3117, 2977],[3116, 2977],[3109, 2984],[3105, 2984],[3103, 2985],[3102, 2985],[3097, 2990],[3091, 2990],[3089, 2991],[3088, 2991],[3081, 2998],[3077, 2998],[3075, 2999],[3074, 2999],[3069, 3004],[3063, 3004],[3061, 3005],[3060, 3005],[3053, 3012],[3049, 3012],[3047, 3013],[3046, 3013],[3041, 3018],[3035, 3018],[3033, 3019],[3032, 3019],[3025, 3026],[3021, 3026],[3019, 3027],[3018, 3027],[3012, 3033],[3011, 3033],[3004, 3040],[2993, 3040],[2991, 3041],[2990, 3041],[2977, 3054],[2965, 3054],[2963, 3055],[2962, 3055],[2949, 3068],[2944, 3068],[2942, 3069],[2941, 3069],[2928, 3082],[2923, 3082],[2921, 3083],[2920, 3083],[2907, 3096],[2902, 3096],[2900, 3097],[2899, 3097],[2886, 3110],[2881, 3110],[2879, 3111],[2878, 3111],[2865, 3124],[2860, 3124],[2858, 3125],[2857, 3125],[2843, 3139],[2836, 3146],[2835, 3146],[2828, 3153],[2822, 3159],[2810, 3159],[2808, 3160],[2807, 3160],[2800, 3167],[2794, 3173],[2782, 3173],[2780, 3174],[2779, 3174],[2772, 3181],[2766, 3187],[2754, 3187],[2752, 3188],[2751, 3188],[2744, 3195],[2737, 3202],[2724, 3215],[2712, 3215],[2710, 3216],[2709, 3216],[2702, 3223],[2696, 3229],[2691, 3229],[2689, 3230],[2688, 3230],[2681, 3237],[2675, 3243],[2670, 3243],[2668, 3244],[2667, 3244],[2660, 3251],[2654, 3257],[2649, 3257],[2647, 3258],[2646, 3258],[2639, 3265],[2633, 3271],[2628, 3271],[2626, 3272],[2625, 3272],[2612, 3285],[2607, 3285],[2605, 3286],[2604, 3286],[2597, 3293],[2590, 3300],[2576, 3314],[2549, 3341],[2537, 3341],[2535, 3342],[2534, 3342],[2506, 3370],[2499, 3377],[2493, 3383],[2488, 3383],[2486, 3384],[2485, 3384],[2464, 3405],[2458, 3411],[2446, 3411],[2444, 3412],[2443, 3412],[2387, 3468],[2371, 3484],[2366, 3489],[2360, 3495],[2348, 3495],[2346, 3496],[2345, 3496],[2329, 3512],[2329, 3513],[2328, 3515],[2328, 3527],[2317, 3538],[2315, 3540],[2310, 3545],[2304, 3551],[2299, 3551],[2297, 3552],[2296, 3552],[2280, 3568],[2280, 3569],[2279, 3571],[2279, 3576],[2275, 3580],[2259, 3596],[2245, 3610],[2245, 3611],[2244, 3613],[2244, 3618],[2196, 3666],[2196, 3667],[2195, 3669],[2195, 3674],[2175, 3694],[2175, 3695],[2174, 3697],[2174, 3702],[2168, 3708],[2168, 3709],[2167, 3711],[2167, 3716],[2161, 3722],[2147, 3736],[2147, 3737],[2146, 3739],[2146, 3744],[2140, 3750],[2140, 3751],[2133, 3758],[2119, 3772],[2105, 3786],[2105, 3787],[2104, 3789],[2104, 3801],[2091, 3814],[2077, 3828],[2077, 3829],[2076, 3831],[2076, 3843],[2070, 3849],[2063, 3856],[2049, 3870],[2049, 3871],[2048, 3873],[2048, 3880],[2048, 3885],[2042, 3891],[2035, 3898],[2035, 3899],[2034, 3901],[2034, 3906],[2021, 3919],[2021, 3920],[2020, 3922],[2020, 3926],[2020, 3927],[2014, 3933],[2014, 3934],[2013, 3936],[2013, 3940],[2013, 3941],[2007, 3947],[1993, 3961],[1993, 3962],[1992, 3964],[1992, 3968],[1992, 3969],[1991, 3971],[1991, 3976],[1985, 3982],[1985, 3983],[1979, 3989],[1979, 3990],[1978, 3992],[1978, 3996],[1964, 4010],[1964, 4011],[1963, 4013],[1963, 4018],[1957, 4024],[1957, 4025],[1956, 4027],[1956, 4032],[1950, 4038],[1950, 4039],[1949, 4041],[1949, 4046],[1943, 4052],[1943, 4053],[1942, 4055],[1942, 4060],[1936, 4066],[1936, 4067],[1935, 4069],[1935, 4074],[1929, 4080],[1929, 4081],[1928, 4083],[1928, 4088],[1922, 4094],[1922, 4095],[1921, 4097],[1921, 4102],[1915, 4108],[1915, 4109],[1914, 4111],[1914, 4116],[1908, 4122],[1908, 4123],[1907, 4125],[1907, 4130],[1901, 4136],[1901, 4137],[1900, 4139],[1900, 4144],[1894, 4150],[1894, 4151],[1893, 4153],[1893, 4158],[1887, 4164],[1887, 4165],[1886, 4167],[1886, 4179],[1880, 4185],[1880, 4186],[1879, 4188],[1879, 4195],[1879, 4200],[1873, 4206],[1873, 4207],[1872, 4209],[1872, 4214],[1866, 4220],[1866, 4221],[1865, 4223],[1865, 4228],[1859, 4234],[1859, 4235],[1858, 4237],[1858, 4242],[1852, 4248],[1852, 4249],[1851, 4251],[1851, 4258],[1851, 4263],[1845, 4269],[1838, 4276],[1838, 4277],[1837, 4279],[1837, 4286],[1837, 4291],[1831, 4297],[1824, 4304],[1824, 4305],[1823, 4307],[1823, 4314],[1823, 4319],[1817, 4325],[1810, 4332],[1810, 4333],[1809, 4335],[1809, 4340],[1803, 4346],[1803, 4347],[1802, 4349],[1802, 4356],[1802, 4361],[1796, 4367],[1796, 4368],[1795, 4370],[1795, 4377],[1795, 4384],[1795, 4389],[1789, 4395],[1782, 4402],[1782, 4403],[1754, 4431],[1754, 4432],[1753, 4434],[1753, 4446],[1742, 4457],[1726, 4473],[1726, 4474],[1725, 4476],[1725, 4488],[1698, 4515],[1686, 4527],[1670, 4543],[1642, 4571],[1642, 4572],[1641, 4574],[1641, 4586],[1614, 4613],[1586, 4641],[1586, 4642],[1585, 4644],[1585, 4656],[1564, 4677],[1558, 4683],[1558, 4684],[1557, 4686],[1557, 4698],[1536, 4719],[1530, 4725],[1530, 4726],[1529, 4728],[1529, 4740],[1516, 4753],[1508, 4761],[1508, 4762],[1507, 4764],[1507, 4769],[1494, 4782],[1494, 4783],[1493, 4785],[1493, 4792],[1493, 4797],[1466, 4824],[1466, 4825],[1465, 4827],[1465, 4839],[1452, 4852],[1438, 4866],[1438, 4867],[1437, 4869],[1437, 4881],[1424, 4894],[1424, 4895],[1423, 4897],[1423, 4902],[1417, 4908],[1417, 4909],[1416, 4911],[1416, 4916],[1410, 4922],[1396, 4936],[1396, 4937],[1395, 4939],[1395, 4951],[1382, 4964],[1382, 4965],[1381, 4967],[1381, 4979],[1368, 4992],[1368, 4993],[1367, 4995],[1367, 5007],[1354, 5020],[1354, 5021],[1353, 5023],[1353, 5035],[1340, 5048],[1340, 5049],[1339, 5051],[1339, 5063],[1326, 5076],[1326, 5077],[1325, 5079],[1325, 5093],[1325, 5098],[1319, 5104],[1319, 5105],[1318, 5107],[1318, 5112],[1312, 5118],[1312, 5119],[1311, 5121],[1311, 5126],[1305, 5132],[1291, 5146],[1291, 5147],[1290, 5149],[1290, 5161],[1277, 5174],[1277, 5175],[1276, 5177],[1276, 5189],[1263, 5202],[1263, 5203],[1262, 5205],[1262, 5206],[1262, 5211],[1256, 5217],[1256, 5218],[1255, 5220],[1255, 5224],[1249, 5230],[1249, 5231],[1235, 5245],[1235, 5246],[1234, 5248],[1234, 5255],[1234, 5260],[1221, 5273],[1221, 5274],[1220, 5276],[1220, 5283],[1220, 5288],[1207, 5301],[1207, 5302],[1206, 5304],[1206, 5311],[1206, 5316],[1193, 5329],[1193, 5330],[1192, 5332],[1192, 5339],[1192, 5344],[1179, 5357],[1179, 5358],[1178, 5360],[1178, 5367],[1178, 5372],[1165, 5385],[1165, 5386],[1164, 5388],[1164, 5395],[1164, 5409],[1164, 5414],[1158, 5420],[1151, 5427],[1151, 5428],[1150, 5430],[1150, 5435],[1144, 5441],[1144, 5442],[1143, 5444],[1143, 5449],[1137, 5455],[1137, 5456],[1136, 5458],[1136, 5463],[1116, 5483],[1116, 5484],[1115, 5486],[1115, 5490],[1108, 5497],[1108, 5498],[1107, 5500],[1107, 5506],[1102, 5511],[1102, 5512],[1101, 5514],[1101, 5518],[1080, 5539],[1080, 5540],[1079, 5542],[1079, 5554],[1052, 5581],[1052, 5582],[1051, 5584],[1051, 5596],[1038, 5609],[1038, 5610],[1037, 5612],[1037, 5624],[1024, 5637],[1024, 5638],[1023, 5640],[1023, 5648],[1023, 5652],[1010, 5665],[1010, 5666],[1009, 5668],[1009, 5669],[1009, 5674],[996, 5687],[996, 5688],[995, 5690],[995, 5695],[982, 5708],[982, 5709],[981, 5711],[981, 5718],[981, 5723],[968, 5736],[968, 5737],[967, 5739],[967, 5746],[967, 5751],[954, 5764],[954, 5765],[953, 5767],[953, 5774],[953, 5779],[940, 5792],[940, 5793],[939, 5795],[939, 5802],[939, 5807],[926, 5820],[926, 5821],[925, 5823],[925, 5830],[925, 5835],[912, 5848],[912, 5849],[911, 5851],[911, 5863],[898, 5876],[898, 5877],[897, 5879],[897, 5891],[884, 5904],[884, 5905],[883, 5907],[883, 5919],[870, 5932],[870, 5933],[869, 5935],[869, 5947],[856, 5960],[856, 5961],[855, 5963],[855, 5989],[849, 5995],[842, 6002],[842, 6003],[841, 6005],[841, 6012],[841, 6017],[828, 6030],[828, 6031],[827, 6033],[827, 6059],[821, 6065],[814, 6072],[814, 6073],[813, 6075],[813, 6087],[807, 6093],[807, 6094],[806, 6096],[806, 6103],[806, 6108],[793, 6121],[793, 6122],[792, 6124],[792, 6125],[791, 6125],[789, 6126],[788, 6126],[772, 6142],[772, 6143],[771, 6145],[771, 6171],[765, 6177],[765, 6178],[764, 6180],[764, 6201],[764, 6206],[751, 6219],[751, 6220],[750, 6222],[750, 6229],[750, 6234],[737, 6247],[737, 6248],[736, 6250],[736, 6262],[730, 6268],[730, 6269],[729, 6271],[729, 6283],[723, 6289],[723, 6290],[722, 6292],[722, 6293],[722, 6307],[722, 6319],[720, 6321],[714, 6321],[712, 6322],[711, 6322],[695, 6338],[695, 6339],[694, 6341],[694, 6346],[681, 6359],[681, 6360],[680, 6362],[680, 6391],[680, 6405],[680, 6412],[680, 6417],[667, 6430],[667, 6431],[666, 6433],[666, 6440],[666, 6445],[655, 6456],[653, 6458],[639, 6472],[639, 6473],[638, 6475],[638, 6503],[638, 6510],[638, 6529],[632, 6535],[632, 6536],[631, 6538],[631, 6543],[625, 6549],[625, 6550],[624, 6552],[624, 6553],[616, 6553],[614, 6554],[613, 6554],[597, 6570],[597, 6571],[596, 6573],[596, 6606],[583, 6619],[583, 6620],[582, 6622],[582, 6641],[576, 6647],[576, 6648],[575, 6650],[575, 6676],[569, 6682],[568, 6683],[568, 6684],[567, 6686],[567, 6693],[567, 6698],[554, 6711],[554, 6712],[553, 6714],[553, 6719],[540, 6732],[540, 6733],[539, 6735],[539, 6742],[539, 6747],[526, 6760],[526, 6761],[525, 6763],[525, 6770],[525, 6775],[512, 6788],[512, 6789],[511, 6791],[511, 6798],[511, 6803],[498, 6816],[498, 6817],[497, 6819],[497, 6831],[484, 6844],[484, 6845],[483, 6847],[483, 6859],[470, 6872],[470, 6873],[469, 6875],[469, 6896],[469, 6901],[456, 6914],[456, 6915],[455, 6917],[455, 6924],[455, 6929],[442, 6942],[442, 6943],[441, 6945],[441, 6952],[441, 6959],[441, 6964],[435, 6970],[428, 6977],[428, 6978],[427, 6980],[427, 6987],[427, 6992],[421, 6998],[421, 6999],[420, 7001],[420, 7006],[414, 7012],[414, 7013],[413, 7015],[413, 7020],[407, 7026],[407, 7027],[406, 7029],[406, 7034],[402, 7038],[400, 7040],[386, 7054],[386, 7055],[385, 7057],[385, 7071],[385, 7076],[379, 7082],[379, 7083],[378, 7085],[378, 7104],[372, 7110],[372, 7111],[371, 7113],[371, 7118],[365, 7124],[365, 7125],[364, 7127],[364, 7132],[358, 7138],[358, 7139],[357, 7141],[357, 7146],[351, 7152],[344, 7159],[344, 7160],[343, 7162],[343, 7182],[337, 7188],[337, 7189],[336, 7191],[336, 7196],[330, 7202],[330, 7203],[329, 7205],[329, 7210],[323, 7216],[323, 7217],[322, 7219],[322, 7224],[316, 7230],[309, 7237],[309, 7238],[308, 7240],[308, 7244],[302, 7250],[302, 7251],[301, 7253],[301, 7258],[295, 7264],[295, 7265],[288, 7272],[281, 7279],[281, 7280],[280, 7282],[280, 7294],[274, 7300],[267, 7307],[267, 7308],[266, 7310],[266, 7322],[260, 7328],[253, 7335],[253, 7336],[252, 7338],[252, 7345],[252, 7350],[246, 7356],[239, 7363],[239, 7364],[238, 7366],[238, 7373],[238, 7378],[232, 7384],[225, 7391],[225, 7392],[224, 7394],[224, 7401],[224, 7406],[218, 7412],[211, 7419],[211, 7420],[210, 7422],[210, 7429],[210, 7441],[197, 7454],[197, 7455],[196, 7457],[196, 7464],[196, 7469],[183, 7482],[183, 7483],[182, 7485],[182, 7492],[182, 7511],[169, 7524],[169, 7525],[168, 7527],[168, 7534],[168, 7539],[155, 7552],[155, 7553],[154, 7555],[154, 7574],[154, 7575],[153, 7577],[151, 7578],[150, 7578],[143, 7585],[134, 7594],[127, 7601],[127, 7602],[126, 7604],[126, 7630],[126, 7631],[125, 7633],[125, 7640],[125, 7645],[123, 7647],[118, 7647],[116, 7648],[115, 7648],[99, 7664],[99, 7665],[98, 7667],[98, 7686],[98, 7687],[97, 7689],[97, 7696],[97, 7701],[91, 7707],[91, 7708],[90, 7710],[90, 7715],[84, 7721],[84, 7722],[83, 7724],[83, 7729],[77, 7735],[77, 7736],[76, 7738],[76, 7743],[70, 7749],[70, 7750],[69, 7752],[69, 7757],[63, 7763],[63, 7764],[62, 7766],[62, 7771],[56, 7777],[56, 7778],[55, 7780],[55, 7799],[49, 7805],[49, 7806],[48, 7808],[48, 7813],[42, 7819],[42, 7820],[41, 7822],[41, 7827],[35, 7833],[35, 7834],[34, 7836],[34, 7841],[28, 7847],[28, 7848],[27, 7850],[27, 7855],[14, 7868],[14, 7869],[13, 7871],[13, 7892],[13, 7925],[10, 7928],[0, 7928]]]},"properties":{"objectType":"annotation","classification":{"name":"Ignore*","color":[180, 180, 180]}}},{"type":"Feature","id":"948b9b8a-400e-49f4-af2f-dfe3ff048534","geometry":{"type":"Polygon","coordinates":[[[8156, 9020],[8156, 9016],[8156, 9014],[8156, 8982],[8156, 8969],[8156, 8968],[8156, 8965],[8165, 8955],[8167, 8953],[8167, 8947],[8167, 8913],[8167, 8911],[8168, 8910],[8168, 8901.33],[8171, 8898],[8173, 8896],[8178, 8891],[8178, 8889],[8179, 8888],[8179, 8882],[8179, 8879],[8184, 8874],[8184, 8873.44],[8188, 8869],[8190, 8867],[8190, 8861],[8190, 8856.44],[8194, 8852],[8196, 8850],[8196, 8832],[8201, 8827],[8201, 8825],[8202, 8824],[8202, 8801],[8201, 8800],[8201, 8798],[8196, 8793],[8196, 8788],[8196, 8785],[8196, 8782],[8196, 8773],[8196, 8756],[8196, 8694],[8201, 8689],[8201, 8687],[8202, 8686],[8202, 8681],[8202, 8671],[8202, 8670],[8202, 8669],[8202, 8663],[8202, 8660],[8207, 8655],[8207, 8653],[8208, 8652],[8208, 8647.33],[8211, 8644],[8213, 8642],[8213, 8637],[8213, 8635],[8214, 8634],[8214, 8619],[8224, 8609],[8224, 8607],[8225, 8606],[8225, 8602],[8236, 8591],[8236, 8585.74],[8249.42, 8572],[8253, 8572],[8254, 8571],[8256, 8571],[8267, 8560],[8278, 8560],[8280, 8558],[8290, 8549],[8299, 8549],[8300, 8548],[8302, 8548],[8307, 8543],[8311, 8543],[8312, 8542],[8314, 8542],[8316, 8540],[8316, 8538],[8317, 8537],[8324, 8537],[8328, 8533],[8328, 8532],[8329, 8531],[8331, 8531],[8336, 8526],[8338, 8524],[8342.44, 8520],[8345, 8520],[8346, 8520],[8347, 8520],[8353, 8520],[8365, 8520],[8377, 8508],[8382, 8503],[8388, 8497],[8399, 8497],[8401, 8495],[8413, 8484],[8414, 8483],[8414, 8481],[8415, 8480],[8415, 8470],[8420, 8465],[8420, 8459],[8425, 8454],[8426, 8453],[8432, 8447],[8437, 8442],[8437, 8437],[8437, 8436.31],[8447, 8426],[8448, 8425],[8449, 8424],[8449, 8422],[8449, 8420],[8449, 8419],[8452, 8416],[8456, 8416],[8460, 8412],[8460, 8408],[8472, 8396],[8472, 8395.61],[8491.39, 8376],[8492, 8376],[8497, 8371],[8501, 8371],[8502, 8370],[8503, 8370],[8504, 8370],[8505, 8369],[8516, 8357],[8518, 8355],[8518, 8354],[8519, 8353],[8521, 8353],[8522, 8352],[8531.16, 8342],[8532, 8342],[8533, 8341],[8544, 8330],[8555, 8330],[8558, 8327],[8558, 8325],[8559, 8324],[8558, 8323],[8558, 8321],[8555.5, 8318.5],[8593, 8281],[8593, 8280],[8593, 8275],[8597, 8271],[8598, 8270],[8598, 8269],[8604, 8263],[8604, 8259],[8604, 8258],[8609, 8253],[8609, 8252],[8609, 8251],[8610, 8250],[8610, 8249],[8610, 8246],[8615, 8241],[8615, 8239],[8616, 8238],[8616, 8235],[8616, 8234.33],[8619, 8231],[8621, 8229],[8627, 8223],[8627, 8213],[8627, 8212],[8648, 8190],[8650, 8188],[8650, 8161],[8650, 8160],[8650, 8159],[8651, 8158],[8651, 8157],[8651, 8154],[8662, 8143],[8662, 8142.8],[8664, 8141],[8673, 8141],[8674, 8140],[8676, 8140],[8679, 8137],[8679, 8103.44],[8683, 8099],[8685, 8097],[8685, 8096],[8685, 8094],[8685, 8088],[8685, 8085],[8685, 8084],[8713, 8056],[8713, 8005],[8713, 8003],[8714, 8002],[8714, 7993],[8723, 7983],[8725, 7981],[8725, 7941],[8730, 7936],[8730, 7934],[8731, 7933],[8731, 7928],[8731, 7927],[8731, 7924],[8740, 7914],[8742, 7912],[8742, 7907],[8742, 7906],[8742, 7901],[8742, 7896],[8753, 7885],[8753, 7884],[8753, 7883],[8754, 7882],[8754, 7881],[8754, 7876],[8754, 7873],[8763, 7863],[8765, 7861],[8765, 7860],[8765, 7856],[8765, 7855],[8765, 7854],[8766, 7853],[8766, 7849],[8776, 7839],[8776, 7838],[8776, 7837],[8777, 7836],[8777, 7835],[8777, 7830],[8777, 7824],[8777, 7821],[8786, 7811],[8788, 7809],[8788, 7803],[8788, 7799],[8788, 7797],[8789, 7796],[8789, 7785],[8793, 7781],[8793, 7779],[8794, 7778],[8794, 7774],[8799, 7769],[8799, 7767],[8800, 7766],[8800, 7755],[8800, 7743],[8800, 7739.33],[8803, 7736],[8805, 7734],[8805, 7729.44],[8809, 7725],[8811, 7723],[8822, 7712],[8822, 7710],[8823, 7709],[8823, 7700],[8859.68, 7663],[8865, 7663],[8876, 7652],[8878, 7650],[8888.91, 7640],[8889, 7640],[8890, 7639],[8891, 7638],[8901, 7628],[8903, 7626],[8926, 7603],[8926, 7602],[8937, 7591],[8937, 7589],[8938, 7588],[8938, 7582],[8938, 7579],[8947, 7569],[8949, 7567],[8949, 7561],[8949, 7557],[8949, 7556],[8960, 7545],[8960, 7543],[8961, 7542],[8961, 7536],[8961, 7508],[8961, 7502],[8960, 7501],[8960, 7499],[8950, 7489],[8950, 7463.33],[8953, 7460],[8954, 7459],[8955, 7458],[8955, 7456],[8955, 7452],[8955, 7450],[8955, 7448],[8955, 7447.42],[8957.3, 7445],[8961, 7445],[8962, 7444],[8964, 7444],[8969, 7439],[8974, 7439],[8975, 7438],[8976, 7437],[8980.44, 7433],[8986, 7433],[8988, 7431],[8991.33, 7428],[9027, 7428],[9037, 7437],[9038, 7438],[9039, 7439],[9050, 7439],[9061, 7450],[9061.52, 7450],[9072, 7460],[9073, 7461],[9075, 7461],[9076, 7462],[9122, 7462],[9123, 7461],[9125, 7461],[9136, 7450],[9158, 7450],[9160, 7448],[9170, 7439],[9191, 7439],[9192, 7438],[9194, 7438],[9195, 7437],[9215.4, 7416],[9216, 7416],[9219, 7413],[9219, 7412.29],[9229, 7402],[9231, 7400],[9231, 7395],[9242, 7384],[9242, 7382],[9243, 7381],[9243, 7377.48],[9281, 7339],[9283, 7337],[9283, 7330],[9283, 7326],[9288, 7321],[9288, 7319],[9289, 7318],[9289, 7312],[9289, 7309],[9294, 7304],[9294, 7302],[9295, 7301],[9295, 7278],[9294, 7277],[9294, 7275],[9289, 7270],[9289, 7267],[9289, 7266],[9289, 7249],[9289, 7243],[9288, 7242],[9288, 7240],[9287, 7239],[9275, 7228],[9273, 7226],[9262, 7226],[9254, 7218],[9254, 7200],[9262, 7192],[9271, 7192],[9272, 7191],[9274, 7191],[9285, 7180],[9296, 7180],[9298, 7178],[9302.44, 7174],[9308, 7174],[9310, 7172],[9313.33, 7169],[9317, 7169],[9318, 7168],[9320, 7168],[9325, 7163],[9331, 7163],[9332, 7162],[9333, 7161],[9337, 7157],[9342, 7157],[9369, 7130],[9369, 7125],[9369, 7124],[9369, 7119],[9369, 7117],[9369, 7111],[9369, 7106],[9369, 7101],[9369, 7100],[9369, 7097],[9369, 7096],[9374, 7091],[9374, 7089],[9375, 7088],[9375, 7065],[9374, 7064],[9374, 7062],[9369, 7057],[9369, 7054],[9369, 7052],[9369, 7051],[9367, 7049],[9364, 7045.67],[9364, 7042],[9364, 7013],[9363, 7012],[9363, 7010],[9363, 7006],[9361, 7004],[9358, 7000.67],[9358, 6938],[9358, 6933],[9358, 6929],[9367, 6919],[9369, 6917],[9369, 6912],[9369, 6906],[9380, 6895],[9380, 6893],[9381, 6892],[9381, 6887],[9381, 6883],[9389, 6875],[9400, 6875],[9434, 6841],[9436, 6839],[9448, 6828],[9449, 6827],[9449, 6826],[9461, 6814],[9461, 6809],[9461, 6808],[9461, 6807],[9461, 6803],[9472, 6792],[9472, 6790],[9473, 6789],[9473, 6784],[9473, 6783],[9473, 6780],[9486, 6767],[9495, 6767],[9496, 6766],[9498, 6766],[9509, 6755],[9566, 6755],[9567, 6754],[9570, 6751],[9570, 6749],[9688, 6749],[9693, 6754],[9695, 6754],[9696, 6755],[9708, 6755],[9709, 6754],[9711, 6754],[9713, 6752],[9713, 6750],[9714, 6749],[9714, 6737],[9713, 6736],[9713, 6734],[9711, 6732],[9656, 6732],[9656, 6730],[9652, 6726],[9641, 6726],[9635, 6720],[9612, 6720],[9607, 6715],[9596, 6715],[9595, 6714],[9594.05, 6714],[9576, 6695],[9576, 6665],[9584, 6657],[9595, 6657],[9607, 6645],[9612, 6640],[9618, 6640],[9619, 6639],[9620, 6638],[9624.44, 6634],[9629, 6634],[9631, 6632],[9634.33, 6629],[9639, 6629],[9640, 6628],[9653, 6628],[9658, 6623],[9662, 6623],[9663, 6622],[9665, 6622],[9667, 6620],[9667, 6618],[9668, 6617],[9673, 6617],[9674, 6616],[9676, 6616],[9679, 6613],[9679, 6609],[9677, 6607],[9675.2, 6605],[9676, 6605],[9679, 6602],[9679, 6600],[9680, 6599],[9680, 6594],[9680, 6582],[9680, 6576],[9679, 6575],[9679, 6573],[9668, 6562],[9668, 6557],[9668, 6551],[9666, 6549],[9660.45, 6542.84],[9683, 6531],[9700.96, 6516.09],[9705.22, 6513.37],[9725, 6503],[9736.66, 6493.32],[9745, 6488],[9749.34, 6483.92],[9753, 6482],[9761.59, 6474.87],[9768, 6471],[9790.77, 6453.92],[9844, 6426],[9866.72, 6407.14],[9869, 6406],[9887.22, 6394.37],[9907, 6384],[9918.64, 6374.33],[9927, 6369],[9929.44, 6366.7],[9935, 6363],[9988, 6319],[10016, 6291],[10023, 6284],[10030, 6277],[10037, 6270],[10052.27, 6251.6],[10066, 6237],[10071.33, 6228.65],[10071.57, 6228.36],[10072, 6228],[10079, 6221],[10094.27, 6202.6],[10108, 6188],[10113.32, 6179.66],[10123, 6168],[10128.77, 6157],[10130, 6157],[10139, 6157],[10140, 6156],[10142, 6156],[10147, 6151],[10157, 6151],[10158, 6150],[10160, 6150],[10165, 6145],[10176, 6145],[10178, 6143],[10182.44, 6139],[10183, 6139],[10185, 6137],[10188, 6134],[10193, 6134],[10199, 6134],[10208, 6134],[10209, 6133],[10211, 6133],[10214, 6130],[10214, 6128],[10216, 6128],[10217, 6127],[10220, 6124],[10220, 6123],[10221, 6122],[10222, 6122],[10223, 6122],[10225, 6120],[10225, 6119.05],[10226.26, 6117.85],[10227.14, 6117],[10231, 6117],[10232, 6117],[10233, 6116],[10234, 6116],[10235, 6116],[10252, 6099],[10257, 6099],[10263, 6093],[10266, 6090],[10272, 6084],[10272, 6082],[10274, 6082],[10277, 6079],[10277, 6077],[10278, 6076],[10278, 6073],[10283, 6068],[10283, 6067.36],[10287, 6063],[10289, 6061],[10289, 6056],[10292, 6053],[10293, 6052],[10294, 6051],[10295, 6050],[10295, 6049],[10297, 6047],[10298, 6047],[10300, 6045],[10300, 6044],[10300, 6043],[10301, 6042],[10301, 6041],[10301, 6036],[10301, 6033],[10306, 6028],[10306, 6027.44],[10310, 6023],[10312, 6021],[10312, 6020],[10312, 6015],[10312, 6010],[10317, 6005],[10317, 6003],[10318, 6002],[10318, 5992],[10318, 5990],[10318, 5985],[10319, 5984],[10320, 5984],[10321, 5984],[10323, 5982],[10323, 5981],[10323, 5980],[10324, 5979],[10324, 5972],[10326, 5972],[10329, 5969],[10329, 5963],[10329, 5953],[10329, 5951],[10330, 5950],[10330, 5944],[10330, 5938],[10330, 5926.28],[10342, 5915],[10348.64, 5905.7],[10354, 5900],[10356.14, 5896.64],[10357, 5896],[10364.32, 5889.26],[10372, 5884],[10414, 5849],[10425.17, 5837.6],[10428.37, 5835],[10434, 5835],[10436, 5833],[10440.44, 5829],[10441, 5829],[10444, 5829],[10450, 5829],[10452, 5829],[10453, 5828],[10454, 5827],[10457.33, 5824],[10513, 5824],[10559, 5824],[10560, 5823],[10562, 5823],[10567, 5818],[10570, 5818],[10571, 5817],[10572, 5817],[10573, 5817],[10590, 5817],[10592, 5815],[10602, 5806],[10605, 5806],[10611, 5806],[10612, 5805],[10614, 5805],[10640, 5779],[10640, 5775],[10639.37, 5774.37],[10648, 5766],[10657, 5766],[10658, 5765],[10660, 5765],[10663, 5762],[10663, 5751],[10684, 5729],[10686, 5727],[10686, 5693],[10686, 5654],[10686, 5578],[10691, 5573],[10691, 5571],[10692, 5570],[10692, 5564],[10692, 5561],[10697, 5556],[10711, 5542],[10720, 5542],[10721, 5541],[10723, 5541],[10734, 5530],[10772, 5530],[10772, 5532],[10775, 5535],[10777, 5535],[10778, 5536],[10790, 5536],[10790, 5538],[10793, 5541],[10801, 5541],[10801, 5543],[10805, 5547],[10832, 5547],[10838, 5541],[10843, 5541],[10848, 5536],[10849, 5536],[10861, 5524],[10862, 5523],[10864, 5521],[10864, 5520.82],[10873, 5511],[10875, 5509],[10875, 5499],[10875, 5498],[10881, 5492],[10886, 5487],[10886, 5485],[10887, 5484],[10887, 5478],[10889, 5478],[10893, 5474],[10893, 5476],[10895, 5478],[10897, 5478],[10898, 5479],[10899, 5478],[10901, 5478],[10904, 5475],[10904, 5470],[10904, 5468],[10905, 5467],[10905, 5463],[10912, 5456],[10921, 5456],[10922, 5455],[10923, 5455],[10924, 5455],[10935, 5444],[10956, 5444],[10960, 5444],[10965, 5449],[10967, 5449],[10968, 5450],[10971, 5450],[10976, 5455],[10978, 5455],[10979, 5456],[10983.67, 5456],[10987, 5459],[10989, 5461],[11039, 5461],[11041, 5459],[11044.33, 5456],[11048, 5456],[11049, 5455],[11051, 5455],[11056, 5455],[11058, 5453],[11062.44, 5449],[11063, 5449],[11068, 5444],[11071, 5444],[11073, 5444],[11077, 5444],[11078, 5443],[11080, 5443],[11085, 5438],[11091, 5432],[11092, 5431],[11105, 5418],[11111, 5412],[11111, 5410],[11112, 5409],[11112, 5405],[11122, 5395],[11122, 5393],[11123, 5392],[11123, 5389],[11127, 5385],[11128, 5384],[11143, 5369],[11146, 5369],[11147, 5369],[11148, 5369],[11151, 5369],[11152, 5369],[11154, 5369],[11155, 5368],[11156, 5367],[11166, 5358],[11168, 5358],[11192, 5358],[11203, 5358],[11209, 5358],[11220, 5358],[11221, 5358],[11232, 5358],[11233, 5357],[11235, 5357],[11246, 5346],[11257, 5346],[11261, 5342],[11261, 5331],[11272, 5320],[11272, 5318],[11273, 5317],[11273, 5308],[11282, 5298],[11284, 5296],[11284, 5285],[11307, 5262],[11307, 5249],[11312, 5249],[11313, 5248],[11315, 5248],[11318, 5245],[11318, 5237],[11324, 5237],[11325, 5236],[11327, 5236],[11330, 5233],[11330, 5203.82],[11331.67, 5202],[11337, 5202],[11341, 5198],[11341, 5196],[11343, 5196],[11347, 5192],[11347, 5177],[11345, 5175],[11340.79, 5170.32],[11343, 5168],[11354, 5168],[11358, 5164],[11358, 5160],[11355, 5157],[11343.31, 5157],[11357, 5143],[11358, 5142],[11358, 5140],[11359, 5139],[11364, 5139],[11365, 5138],[11367, 5138],[11370, 5135],[11370, 5131],[11368, 5129],[11364.01, 5124.82],[11372.75, 5116],[11375, 5116],[11376, 5115],[11378, 5115],[11383, 5110],[11384, 5110],[11390, 5104],[11400, 5104],[11404, 5100],[11404, 5093],[11412, 5093],[11416, 5089],[11416, 5081],[11418, 5081],[11422, 5077],[11422, 5072],[11433, 5061],[11433, 5056],[11433, 5055.15],[11448, 5040],[11450, 5038],[11450, 5036],[11451, 5035],[11451, 5032],[11539, 4944],[11543, 4944],[11544, 4943],[11545, 4943],[11546, 4943],[11551, 4938],[11554, 4938],[11556, 4938],[11566, 4938],[11567, 4937],[11569, 4937],[11574, 4932],[11579, 4932],[11584, 4932],[11589, 4932],[11591, 4932],[11600, 4932],[11612, 4932],[11613, 4931],[11615, 4931],[11617, 4929],[11617, 4927],[11623, 4927],[11624, 4926],[11626, 4926],[11628, 4924],[11628, 4922],[11629, 4921],[11629, 4920],[11637, 4920],[11639, 4918],[11642.33, 4915],[11646, 4915],[11648, 4915],[11649, 4914],[11651, 4912],[11654, 4909],[11657, 4909],[11692, 4909],[11693, 4908],[11695, 4908],[11698, 4905],[11698, 4901],[11696, 4899],[11694.2, 4897],[11695, 4897],[11698, 4894],[11698, 4893],[11699, 4892],[11700, 4891],[11703, 4888],[11705, 4886],[11706, 4886],[11709, 4886],[11710, 4885],[11712, 4885],[11713, 4884],[11722.17, 4874],[11728, 4874],[11730, 4872],[11745.44, 4857],[11747, 4857],[11772, 4832],[11772, 4830],[11773, 4829],[11773, 4819],[11778, 4814],[11778, 4812],[11779, 4811],[11779, 4788],[11778, 4787],[11778, 4785],[11767, 4774],[11767, 4740],[11765, 4738],[11763.65, 4736.5],[11765, 4735],[11767, 4733],[11767, 4732.68],[11780, 4719],[11791, 4719],[11795, 4715],[11795, 4711],[11793, 4709],[11784, 4699],[11784, 4679],[11783, 4678],[11783, 4676],[11772, 4665],[11772, 4654],[11770, 4652],[11761, 4642],[11761, 4621],[11760, 4620],[11760, 4618],[11749, 4607],[11749, 4596],[11747, 4594],[11738, 4584],[11738, 4575],[11737, 4574],[11737, 4572],[11726, 4561],[11726, 4550],[11724, 4548],[11715, 4538],[11715, 4529],[11714, 4528],[11714, 4526],[11703, 4515],[11703, 4504],[11680, 4481],[11680, 4470],[11678, 4468],[11657, 4446],[11657, 4435],[11588, 4366],[11588, 4355],[11586, 4353],[11575, 4341],[11574, 4340],[11562, 4340],[11493, 4271],[11481, 4271],[11460, 4249],[11459, 4248],[11447, 4248],[11424, 4225],[11412, 4225],[11400, 4213],[11389, 4213],[11378, 4202],[11366, 4202],[11354, 4190],[11343, 4190],[11332, 4179],[11320, 4179],[11308, 4167],[11286, 4167],[11275, 4156],[11263, 4156],[11251, 4144],[11194, 4144],[11183, 4133],[11171.36, 4133],[11167, 4129],[11165, 4127],[11159, 4121],[11148, 4121],[11146, 4119],[11146, 4108],[11142, 4104],[11140, 4104],[11139, 4103],[11139, 4101],[11136, 4098],[10798, 4098],[10795, 4101],[10795, 4104],[10793, 4104],[10790, 4107],[10790, 4117.44],[10786, 4121],[10775, 4121],[10763, 4133],[10728, 4133],[10717, 4144],[10695, 4144],[10683, 4156],[10671, 4156],[10660, 4167],[10637, 4167],[10625, 4179],[10613, 4179],[10602, 4190],[10591, 4190],[10576, 4205],[10576, 4216],[10568, 4225],[10557, 4225],[10556, 4225],[10545, 4236],[10511, 4236],[10509, 4238],[10497, 4249],[10496, 4250],[10496, 4251],[10493, 4254],[10482, 4254],[10479, 4257],[10479, 4262.09],[10469, 4273],[10467, 4275],[10467, 4280.1],[10453.73, 4294],[10453, 4294],[10448, 4294],[10447, 4294],[10442, 4299],[10436, 4299],[10430, 4305],[10425, 4305],[10424, 4306],[10419, 4311],[10414, 4311],[10413, 4311],[10412, 4311],[10406, 4317],[10402, 4317],[10401, 4317],[10396, 4322],[10391, 4322],[10390, 4322],[10389, 4323],[10378, 4323],[10377, 4324],[10372.23, 4329],[10366, 4329],[10365, 4330],[10355.15, 4340],[10355, 4340],[10350, 4345],[10344, 4345],[10338, 4351],[10333, 4351],[10332, 4352],[10327, 4357],[10320, 4357],[10319, 4358],[10314.23, 4363],[10309, 4363],[10308, 4364],[10297.5, 4375],[10297, 4375],[10292, 4380],[10286, 4380],[10280, 4386],[10275, 4386],[10269, 4392],[10268, 4392],[10257, 4403],[10251, 4403],[10246, 4403],[10240, 4409],[10239, 4410],[10235, 4414],[10229, 4414],[10228, 4415],[10222, 4415],[10211, 4426],[10205, 4426],[10200, 4426],[10194, 4432],[10189, 4437],[10183, 4437],[10182, 4438],[10176, 4438],[10175, 4439],[10165.45, 4449],[10159, 4449],[10158, 4450],[10153.23, 4455],[10148, 4455],[10147, 4456],[10142.23, 4461],[10142, 4461],[10131, 4472],[10125, 4472],[10119, 4478],[10114, 4478],[10108, 4484],[10107, 4484],[10106, 4485],[10096.15, 4495],[10091, 4495],[10090, 4495],[10084, 4501],[10079, 4501],[10078, 4502],[10062.28, 4518],[10056, 4518],[10055, 4519],[10033.32, 4541],[10033, 4541],[10010, 4564],[10004, 4564],[9998, 4564],[9997, 4565],[9975.38, 4587],[9975, 4587],[9974, 4588],[9969.09, 4593],[9964, 4593],[9952, 4605],[9951, 4606],[9929, 4628],[9924, 4633],[9918, 4633],[9917, 4634],[9906, 4646],[9904, 4648],[9904, 4652],[9904.5, 4652.5],[9904, 4653],[9904, 4653.7],[9884, 4674],[9872, 4674],[9858, 4688],[9858, 4694],[9855, 4697],[9849, 4697],[9844, 4702],[9838, 4702],[9824, 4716],[9824, 4728],[9820.96, 4731],[9803, 4731],[9789, 4745],[9789, 4757],[9744, 4801],[9743, 4802],[9743, 4820],[9732, 4831],[9732, 4849],[9731, 4850],[9731, 4861],[9731, 4867],[9720, 4878],[9720, 4889],[9720, 4895],[9720, 4901],[9709, 4912],[9709, 4917],[9709, 4918],[9708, 4919],[9708, 4924.95],[9687, 4945],[9686, 4946],[9686, 4952],[9685, 4953],[9662, 4976],[9662, 4993],[9640, 5015],[9640, 5027],[9637, 5030],[9630, 5030],[9619, 5041],[9608, 5041],[9605, 5044],[9605, 5056],[9593, 5068],[9593, 5095],[9596, 5098],[9598, 5098],[9599, 5099],[9617, 5099],[9617, 5101],[9617.5, 5101.5],[9616, 5103],[9616, 5235],[9605, 5246],[9605, 5285],[9616, 5296],[9616, 5384.18],[9607, 5394],[9605, 5396],[9605, 5412.09],[9595, 5423],[9593, 5425],[9593, 5426],[9586, 5426],[9582, 5430],[9582, 5503],[9597, 5518],[9608, 5518],[9617, 5526],[9617, 5561],[9628, 5572],[9628, 5595],[9634, 5601],[9611, 5624],[9611, 5642],[9616, 5647],[9616, 5668.68],[9611, 5674],[9605.7, 5682.3],[9605.68, 5682.33],[9605, 5683],[9594.02, 5696.22],[9582, 5708],[9572.85, 5721.73],[9561, 5736],[9556.33, 5744.9],[9555, 5746],[9542.26, 5761.7],[9526, 5779],[9517.81, 5791.84],[9512, 5799],[9511.46, 5799.98],[9494.76, 5810.63],[9475, 5821],[9463.34, 5830.68],[9459.76, 5832.97],[9457, 5834],[9443, 5841],[9424.78, 5852.63],[9405, 5863],[9393.34, 5872.68],[9385, 5878],[9382.32, 5880.52],[9349, 5898],[9305.76, 5933.89],[9288, 5941],[9284.44, 5942.87],[9284, 5943],[9223, 5975],[9218.97, 5978.35],[9207.66, 5983.38],[9199, 5986],[9183.73, 5994.01],[9159, 6005],[9148.54, 6012.47],[9138, 6018],[9129.38, 6025.16],[9129.37, 6025.17],[9103, 6039],[9089.66, 6047.89],[9074, 6032],[9073, 6031],[9061, 6031],[9049, 6019],[9026, 6019],[9015, 6008],[8980, 6008],[8968, 5996],[8957, 5996],[8949, 5988],[8949, 5982],[8949, 5977],[8945, 5973],[8838, 5973],[8834, 5977],[8834, 5994],[8834, 6015],[8834, 6021],[8872, 6059],[8877.38, 6059],[8892, 6073.84],[8892, 6085],[8903, 6096],[8903, 6107],[8915, 6119],[8915, 6143],[8915, 6150.47],[8914, 6151],[8911, 6153],[8889, 6164],[8875.83, 6172.4],[8866, 6177],[8860.38, 6180.38],[8860, 6180],[8854, 6180],[8843.5, 6190.5],[8842.67, 6191],[8808, 6191],[8802, 6185],[8796, 6185],[8791, 6180],[8786, 6180],[8760, 6154],[8760, 6151],[8760, 6145],[8759, 6144],[8759, 6142],[8748, 6131],[8748, 6126],[8748, 6120],[8746, 6118],[8737, 6108.57],[8737, 6105],[8737, 6088],[8736, 6087],[8736, 6085],[8733, 6082],[8725, 6082],[8725, 6080],[8721, 6076],[8716.7, 6076],[8714, 6073],[8714, 6064],[8714, 6053],[8713, 6052],[8713, 6050],[8710, 6047],[8708, 6045],[8708, 5996],[8707, 5995],[8707, 5993],[8704, 5990],[8685, 5990],[8685, 5984],[8685, 5979],[8684, 5978],[8684, 5976],[8681, 5973],[8596, 5973],[8593, 5976],[8593, 5981],[8593, 5988],[8584, 5996],[8573, 5996],[8568, 6001],[8567, 6001],[8564, 6004],[8564, 6005],[8562, 6007],[8550, 6007],[8549, 6008],[8538, 6008],[8510, 6036],[8493, 6036],[8487, 6042],[8480, 6042],[8474, 6048],[8469, 6048],[8464, 6053],[8458, 6053],[8452, 6059],[8447, 6059],[8444, 6062],[8441, 6065],[8434, 6065],[8428, 6071],[8411, 6071],[8406, 6076],[8399, 6076],[8393, 6070],[8389, 6070],[8382, 6077],[8365, 6077],[8354, 6088],[8343, 6088],[8320, 6111],[8319, 6111],[8308, 6122],[8297, 6122],[8296, 6123],[8285, 6134],[8273, 6134],[8272, 6135],[8267.23, 6140],[8262, 6140],[8256, 6146],[8250, 6146],[8249, 6147],[8245, 6151],[8240, 6151],[8234, 6157],[8228, 6157],[8222, 6163],[8216, 6163],[8210, 6169],[8204, 6169],[8203, 6170],[8199.18, 6174],[8194, 6174],[8182, 6186],[8170, 6186],[8169, 6187],[8148, 6209],[8136, 6209],[8122, 6223],[8122, 6229],[8121, 6230],[8121, 6232],[8118, 6232],[8112, 6238],[8111, 6239],[8104, 6246],[8104, 6246.33],[8090, 6261],[8078, 6261],[8055, 6284],[8043, 6284],[8014.5, 6312.5],[8014, 6312],[8010, 6312],[8007, 6315],[8007, 6320],[8003, 6324],[7995, 6332],[7989, 6338],[7989, 6341],[7981, 6341],[7969, 6353],[7957, 6353],[7956, 6354],[7935, 6376],[7923, 6376],[7900, 6399],[7888, 6399],[7887, 6400],[7876, 6412],[7874, 6414],[7874, 6429],[7877.5, 6432.5],[7877, 6433],[7866, 6433],[7855, 6444],[7854, 6445],[7842, 6445],[7841, 6446],[7831.45, 6456],[7831, 6456],[7819, 6468],[7808, 6468],[7785, 6491],[7773, 6491],[7772, 6492],[7738, 6527],[7736, 6529],[7736, 6544],[7740, 6548],[7759, 6548],[7759, 6553],[7751, 6553],[7750, 6554],[7748, 6556],[7748, 6562],[7750, 6564],[7751, 6565],[7757, 6565],[7751, 6571],[7739, 6571],[7736, 6574],[7736, 6578],[7740, 6582],[7781, 6582],[7782, 6583],[7786, 6583],[7796, 6593],[7798, 6593],[7799, 6594],[7800, 6593],[7802, 6593],[7803, 6592],[7807.19, 6588],[7819.56, 6588],[7824, 6592],[7826, 6594],[7826.67, 6594],[7830, 6597],[7832, 6599],[7842, 6599],[7851, 6608],[7851, 6618],[7851.5, 6618.5],[7851, 6619],[7851, 6677],[7839, 6689],[7839, 6712],[7819, 6732],[7807, 6732],[7806, 6733],[7799, 6741],[7790, 6732],[7778, 6732],[7770, 6723],[7770, 6705],[7781, 6694],[7781, 6692],[7782, 6691],[7781, 6690],[7781, 6688],[7770, 6677],[7770, 6666],[7767, 6663],[7743, 6663],[7738, 6663],[7727.58, 6663],[7723, 6658],[7722, 6657],[7670, 6657],[7659, 6668],[7617, 6668],[7612, 6663],[7608, 6663],[7606, 6665],[7602.91, 6668],[7601, 6668],[7598, 6671],[7598, 6671.96],[7589.82, 6680],[7589, 6680],[7587, 6682],[7587, 6682.78],[7542, 6727],[7541, 6728],[7541, 6739.16],[7530, 6750],[7529, 6751],[7529, 6752],[7518, 6763],[7518, 6775],[7496, 6796],[7495, 6797],[7495, 6809],[7483, 6821],[7483, 6827],[7483, 6832],[7474, 6841],[7472, 6843],[7471, 6844],[7471, 6851],[7469, 6853],[7463, 6853],[7460, 6856],[7460, 6862],[7448, 6874],[7448, 6889],[7448.5, 6889.5],[7448, 6890],[7448, 6891],[7437, 6902],[7437, 6912],[7437, 6913],[7426, 6924],[7426, 6942],[7449, 6965],[7449, 6976],[7460, 6987],[7460, 7016],[7452, 7025],[7440, 7025],[7434, 7031],[7424, 7031],[7419, 7036],[7418, 7036],[7417, 7037],[7414, 7040],[7411, 7043],[7400, 7043],[7397, 7046],[7397, 7048],[7393, 7048],[7391, 7050],[7391, 7051.83],[7381, 7061],[7380, 7062],[7380, 7068],[7379, 7069],[7379, 7071],[7370, 7071],[7369, 7072],[7358, 7084],[7356, 7086],[7356, 7086.18],[7347, 7096],[7345, 7098],[7345, 7275],[7334, 7286],[7334, 7292],[7345, 7303],[7345, 7315],[7345, 7327],[7340, 7332],[7340, 7344],[7340, 7350],[7341, 7351],[7343, 7353],[7343.05, 7353],[7345, 7354.91],[7345, 7366],[7345, 7367],[7346, 7368],[7351, 7372.89],[7351, 7377],[7368, 7394],[7368, 7395],[7370, 7397],[7379, 7406.43],[7379, 7430],[7380, 7431],[7374, 7437],[7374, 7441],[7374.5, 7441.5],[7374, 7442],[7374, 7446],[7375, 7447],[7374, 7448],[7374, 7454],[7374, 7458],[7374, 7464],[7385, 7475],[7385, 7483],[7374, 7494],[7374, 7499],[7374, 7506],[7362, 7518],[7362, 7523],[7362, 7540],[7351, 7551],[7351, 7556],[7351, 7562.05],[7331, 7583],[7319, 7583],[7296, 7606],[7284, 7606],[7283, 7607],[7272, 7619],[7270, 7621],[7270, 7637.1],[7210, 7698],[7198, 7698],[7187, 7709],[7182, 7709],[7180, 7711],[7122, 7768],[7121, 7769],[7121, 7781],[7098, 7804],[7098, 7816],[7076, 7837],[7075, 7838],[7075, 7850],[7063, 7862],[7063, 7873],[7052, 7884],[7052, 7896],[7040, 7908],[7040, 7919],[7029, 7930],[7029, 7942],[7017, 7954],[7017, 7971],[7011, 7977],[7011, 7983],[7006, 7988],[7006, 8000],[6994, 8012],[6994, 8029],[6988, 8035],[6988, 8040],[6983, 8045],[6983, 8058],[6983, 8062],[6977, 8068],[6977, 8074],[6977, 8086],[6974, 8089],[6962, 8089],[6961, 8090],[6950, 8102],[6948, 8104],[6948, 8120.64],[6944, 8125],[6942, 8127],[6942, 8133],[6942, 8173],[6942, 8179],[6937, 8184],[6931, 8190],[6931, 8193],[6928, 8193],[6927, 8194],[6916, 8206],[6914, 8208],[6914, 8225],[6914, 8235.09],[6904, 8246],[6902, 8248],[6902, 8258.64],[6898, 8263],[6896, 8265],[6896, 8271.73],[6893, 8275],[6891, 8277],[6891, 8281],[6896, 8286],[6896, 8292],[6897, 8293],[6899, 8295],[6902, 8298],[6902, 8357],[6900, 8359],[6889, 8359],[6877, 8371],[6865, 8371],[6862, 8374],[6862, 8405],[6853, 8405],[6851, 8407],[6851, 8419],[6851, 8436],[6851, 8437],[6853, 8439],[6854, 8439],[6855, 8439],[6856, 8440],[6862, 8440],[6862, 8477],[6859, 8480],[6847, 8480],[6845, 8482],[6845, 8494],[6833, 8506],[6833, 8517],[6822, 8528],[6822, 8540],[6810, 8552],[6810, 8563],[6799, 8574],[6799, 8586],[6787, 8598],[6787, 8615],[6787, 8621],[6776, 8632],[6776, 8644],[6764, 8656],[6764, 8673],[6764, 8683],[6764, 8695],[6753, 8706],[6753, 8712],[6756, 8715],[6767, 8715],[6769, 8715],[6770, 8716],[6773, 8716],[6771, 8718],[6771, 8723],[6770, 8724],[6770, 8731],[6759, 8742],[6759, 8746],[6759, 8747],[6759, 8753],[6748, 8764],[6748, 8769],[6747, 8770],[6747, 8777],[6736, 8788],[6736, 8792],[6736, 8793],[6736, 8804],[6732, 8808],[6731, 8809],[6724, 8816],[6724, 8816.64],[6720, 8821],[6718, 8823],[6718, 8833],[6713, 8838],[6713, 8846],[6713, 8850],[6707, 8856],[6707, 8863],[6705, 8865],[6699, 8865],[6695, 8869],[6695, 8871],[6687, 8871],[6684, 8874],[6684, 8890.64],[6680, 8895],[6678, 8897],[6678, 8908.64],[6674, 8913],[6672, 8915],[6672, 8932.73],[6669, 8936],[6667, 8938],[6667, 8943],[6667, 8953.09],[6657, 8964],[6655, 8966],[6655, 8984],[6655, 8989],[6655, 9000.64],[6651, 9005],[6649, 9007],[6649, 9264],[6655, 9270],[6655, 9338],[6659, 9342],[6658, 9342],[6655, 9345],[6655, 9348],[6653, 9348],[6649, 9352],[6649, 9379],[6664, 9394],[6675, 9394],[6684, 9402],[6684, 9437],[6695, 9448],[6695, 9471],[6698, 9474],[6700, 9474],[6701, 9475],[6713, 9475],[6713, 9477],[6715, 9479],[6717, 9479],[6718, 9480],[6724, 9480],[6724, 9487],[6736, 9499],[6736, 9511],[6739, 9514],[6773, 9514],[6784, 9525],[6786, 9525],[6787, 9526],[6787, 9528],[6799, 9540],[6799, 9552],[6816, 9569],[6816, 9598],[6805, 9609],[6805, 9638],[6830, 9663],[6832, 9663],[6833, 9664],[6843, 9664],[6847, 9664],[6857, 9664],[6868, 9664],[6880, 9664],[6881, 9663],[6883, 9663],[6884, 9662],[6884.99, 9660.99],[6917, 9693],[6921, 9693],[6923, 9691],[6933.91, 9681],[6934, 9681],[6935, 9680],[6951.36, 9664],[6952, 9664],[6962.66, 9674.66],[6958.12, 9680.12],[6939, 9696],[6895, 9749],[6880.74, 9776.18],[6876.26, 9781.7],[6860, 9799],[6851.81, 9811.84],[6846, 9819],[6838.91, 9831.91],[6838, 9833],[6836.54, 9835.79],[6823, 9857],[6816, 9871],[6813, 9879],[6810.82, 9884.81],[6806, 9894],[6804.11, 9900.22],[6804.11, 9900.23],[6796.17, 9915.36],[6789, 9924],[6757, 9985],[6755.95, 9988.47],[6754.33, 9990.74],[6740, 10008],[6734.47, 10018.54],[6727, 10029],[6716, 10053.75],[6708, 10069],[6705.38, 10077.64],[6702.99, 10083.03],[6697, 10095],[6691.82, 10108.81],[6687, 10118],[6686.06, 10121.1],[6686.06, 10121.11],[6675.92, 10140.43],[6675.92, 10140.44],[6663, 10156],[6631, 10217],[6617.14, 10262.72],[6613, 10271],[6609.84, 10279.42],[6608, 10282],[6599.33, 10301.51],[6592, 10313],[6585, 10327],[6579.82, 10340.81],[6575, 10350],[6571.92, 10360.15],[6571, 10362],[6565.82, 10375.81],[6564.74, 10377.86],[6561.93, 10382.26],[6558, 10387],[6554.16, 10394.33],[6540.55, 10410.72],[6536, 10415],[6523.33, 10432.74],[6509, 10450],[6503.47, 10460.54],[6502.16, 10462.38],[6495, 10471],[6489.47, 10481.54],[6482, 10492],[6477.03, 10503.19],[6439, 10549],[6436.42, 10553.91],[6436.42, 10553.92],[6405, 10580],[6361, 10633],[6329, 10694],[6328.53, 10695.55],[6322, 10708],[6302, 10774],[6295, 10842],[6295, 10856],[6302, 10924],[6322, 10990],[6354, 11051],[6398, 11104],[6451, 11148],[6512, 11180],[6578, 11200],[6646, 11207],[6714, 11200],[6780, 11180],[6841, 11148],[6894, 11104],[6897.53, 11099.75],[6943, 11062],[6987, 11009],[6992.89, 10997.76],[6992.91, 10997.74],[7001, 10988],[7005.18, 10980.04],[7016, 10967],[7018.58, 10962.08],[7029, 10951],[7048.73, 10920.07],[7052, 10917],[7064.67, 10899.26],[7079, 10882],[7084.54, 10871.44],[7092, 10861],[7092.06, 10860.86],[7121, 10826],[7134.83, 10799.63],[7134.84, 10799.62],[7142, 10791],[7163.77, 10749.51],[7170, 10742],[7180.37, 10722.24],[7192, 10704],[7199, 10690],[7204.18, 10676.19],[7209, 10667],[7214.23, 10649.74],[7219, 10644],[7224.53, 10633.46],[7232, 10623],[7243, 10598.25],[7251, 10583],[7253.62, 10574.35],[7260, 10560],[7263.7, 10543.48],[7265, 10541],[7266.89, 10534.77],[7275, 10525],[7280.53, 10514.46],[7288, 10504],[7299, 10479.25],[7307, 10464],[7309.61, 10455.37],[7316, 10441],[7319.95, 10423.36],[7320.21, 10422.5],[7320.22, 10422.49],[7321, 10421],[7321.52, 10419.28],[7345, 10391],[7377, 10330],[7381.55, 10314.99],[7394, 10300],[7399.53, 10289.46],[7407, 10279],[7418, 10254.25],[7426, 10239],[7428.63, 10230.34],[7434.51, 10217.1],[7444, 10207],[7449.25, 10198.53],[7458, 10188],[7467.69, 10169.54],[7482, 10154],[7487, 10147.33],[7487, 10145],[7487, 10139],[7498, 10128],[7498, 10123],[7498, 10122],[7498, 10117],[7498, 10116],[7503, 10111],[7503, 10106],[7505, 10104],[7513.87, 10094.87],[7515, 10093.64],[7515, 10093],[7522, 10086],[7523, 10085],[7528, 10080],[7529, 10079],[7529.29, 10079],[7539, 10069],[7540, 10068],[7541, 10068],[7546, 10068],[7547, 10067],[7548, 10067],[7552.45, 10067],[7562, 10057],[7563, 10056],[7564, 10056],[7569, 10051],[7570, 10050],[7581, 10039],[7587, 10039],[7593, 10033],[7594, 10033],[7598, 10033],[7598.81, 10033],[7603, 10029],[7604, 10028],[7605, 10027],[7610, 10027],[7616, 10021],[7617, 10021],[7622, 10016],[7628, 10010],[7632, 10010],[7633, 10010],[7637, 10006],[7638, 10005],[7639, 10004],[7640, 10004],[7645, 10004],[7650, 9999],[7650.81, 9999],[7655, 9995],[7657, 9993],[7661.25, 9993],[7665.26, 9989.67],[7683, 9977],[7691.81, 9967.63],[7701, 9960],[7710.93, 9948.04],[7711, 9948],[7719.64, 9940.83],[7746, 9927],[7755.76, 9918.89],[7755.79, 9918.88],[7767, 9913],[7820, 9869],[7821.88, 9866.73],[7821.89, 9866.73],[7830, 9862],[7832.12, 9860.09],[7838, 9857],[7855, 9842.88],[7855, 9823],[7855, 9818],[7854, 9817],[7854, 9816],[7854, 9810],[7854, 9767],[7854, 9766],[7854, 9760],[7855, 9759],[7866, 9748],[7866, 9743],[7866, 9742],[7867, 9741],[7871, 9737.34],[7871, 9737],[7872, 9736],[7874, 9734],[7874.64, 9734],[7875.86, 9732.89],[7884, 9724],[7885, 9723],[7886, 9723],[7892, 9717],[7897, 9717],[7903, 9711],[7904, 9711],[7909, 9711],[7919, 9701],[7920, 9700],[7921, 9699],[7925, 9695],[7926, 9694],[7927, 9694],[7931.23, 9694],[7936, 9689],[7937, 9688],[7938, 9688],[7943, 9683],[7948, 9683],[7953, 9678],[7954, 9677],[7955, 9676],[7955.18, 9676],[7959, 9672],[7960, 9671],[7961, 9671],[7984, 9648],[7989, 9648],[8004, 9633],[8004, 9628],[8015, 9617],[8027, 9605],[8027, 9600],[8027, 9599],[8033, 9593],[8034, 9592],[8038, 9588],[8040, 9586],[8050, 9575.52],[8050, 9571],[8050, 9570],[8050, 9565],[8052, 9563],[8061, 9553.57],[8061, 9553],[8061, 9548],[8062, 9547],[8067, 9542],[8067, 9541],[8067, 9537],[8067, 9530],[8073, 9524],[8073, 9519],[8073, 9518],[8078, 9513],[8078, 9473],[8078, 9450],[8079, 9449],[8084, 9444],[8084, 9438],[8084, 9433],[8085, 9432],[8090, 9427],[8090, 9422],[8090, 9416],[8090, 9415],[8090, 9414],[8101, 9403],[8101, 9393],[8101, 9392],[8113, 9380],[8113, 9376],[8115, 9374],[8119, 9369.81],[8119, 9368],[8124, 9363],[8124, 9358],[8125, 9357],[8127, 9355],[8127, 9354],[8127, 9347],[8127, 9333],[8120, 9265],[8117.18, 9255.69],[8115.22, 9244.6],[8113, 9223],[8109.2, 9210.45],[8107.07, 9198.4],[8106, 9188],[8101.95, 9174.62],[8100.79, 9163.35],[8102, 9162],[8103, 9161],[8104, 9160],[8104, 9158],[8104, 9153],[8104, 9149],[8109, 9144],[8109, 9142],[8110, 9141],[8110, 9130],[8111, 9129],[8113, 9129],[8115, 9127],[8115, 9125],[8116, 9124],[8116, 9117],[8118, 9117],[8121, 9114],[8121, 9108],[8121, 9103],[8132, 9092],[8132, 9090],[8133, 9089],[8133, 9085],[8133, 9083],[8133, 9068],[8142, 9058],[8144, 9056],[8144, 9051],[8144, 9049],[8145, 9048],[8145, 9038],[8145, 9033],[8155, 9023],[8155, 9021],[8156, 9020]],[[10758, 5518],[10763, 5518],[10765, 5518],[10766, 5519],[10726, 5519],[10727, 5518],[10729, 5518],[10734, 5518],[10745, 5518],[10748, 5515],[10748, 5513],[10749, 5513],[10749, 5514],[10753, 5518],[10758, 5518]]]},"properties":{"objectType":"annotation","classification":{"name":"Other","color":[255, 200, 0]}}},{"type":"Feature","id":"3cd3c322-f35a-446f-a2f6-c00edcad5db8","geometry":{"type":"Polygon","coordinates":[[[8101, 9392],[8101, 9393],[8101, 9397],[8159, 9455],[8159, 9467],[8160, 9468],[8172, 9479],[8174, 9481],[8185, 9481],[8254, 9550],[8265, 9550],[8287, 9571],[8289, 9573],[8300, 9573],[8323, 9596],[8334, 9596],[8345, 9607],[8347, 9607],[8348, 9608],[8357, 9608],[8367, 9617],[8369, 9619],[8373.26, 9619],[8399, 9706],[8448, 9796],[8513, 9875],[8592, 9940],[8682, 9989],[8780, 10018],[8882, 10028],[8984, 10018],[9082, 9989],[9172, 9940],[9219.4, 9901],[9232, 9895],[9244.86, 9887.17],[9257, 9882],[9287.51, 9861.18],[9319, 9842],[9329.2, 9832.74],[9330.4, 9831.92],[9354, 9821],[9366.89, 9811.68],[9381, 9804],[9385.51, 9800.29],[9386.15, 9799.94],[9406, 9792],[9427, 9781],[9461, 9764],[9480.44, 9751.8],[9537, 9721],[9544.7, 9714.66],[9544.72, 9714.65],[9590, 9690],[9591.32, 9688.92],[9593, 9688],[9624, 9667],[9641.46, 9652.64],[9667, 9635],[9670.18, 9632.33],[9672.4, 9630.88],[9679, 9628],[9715.08, 9603.08],[9749, 9581],[9753.96, 9576.24],[9763, 9570],[9790.41, 9541.43],[9808.79, 9529.46],[9840, 9513],[9861, 9499],[9886, 9489],[9907, 9478],[9923.46, 9467.09],[9940, 9459],[10024, 9407],[10033.96, 9399.38],[10042, 9395],[10073, 9374],[10084.42, 9364.6],[10101, 9354],[10123.23, 9332.67],[10152, 9309],[10165.53, 9292.08],[10175, 9283],[10222.54, 9227.91],[10225, 9226],[10230.5, 9219.5],[10233, 9217],[10246.54, 9200.54],[10291, 9148],[10349.54, 9064.6],[10352, 9062],[10356.85, 9054.19],[10364, 9044],[10373.95, 9026.63],[10406, 8975],[10417.92, 8950.78],[10452.78, 8903.05],[10456.57, 8898.44],[10465, 8891],[10495.75, 8850.83],[10517, 8825],[10520.65, 8818.3],[10527, 8810],[10576.95, 8729.32],[10588, 8713],[10593.06, 8703.71],[10604, 8689],[10640.6, 8628.01],[10676.78, 8582.78],[10684, 8574],[10684.43, 8573.22],[10687, 8570],[10706.32, 8533],[10733, 8484],[10734.69, 8478.3],[10744.58, 8453.8],[10745, 8453],[10752.95, 8433.13],[10762.9, 8414.85],[10786, 8380],[10795.63, 8361.61],[10821, 8326],[10824.89, 8319.21],[10830, 8313],[10859.49, 8258.83],[10872, 8237],[10873.04, 8233.94],[10873.58, 8232.95],[10902, 8191],[10903.19, 8188.81],[10928, 8156],[10932.94, 8145.43],[10936, 8141],[10948.78, 8111.69],[10983, 8074],[11036, 7987],[11037.92, 7982.98],[11041.64, 7976.73],[11060, 7954],[11078, 7927],[11095, 7899],[11110, 7869],[11117.71, 7851.2],[11120, 7847],[11121, 7843.6],[11123, 7839],[11134, 7808],[11143, 7777],[11150, 7745],[11155, 7712],[11158, 7680],[11159, 7647],[11158, 7614],[11155, 7582],[11152.46, 7565.21],[11162.82, 7555],[11168, 7555],[11180, 7543],[11186, 7543],[11201, 7528],[11201, 7517],[11202.97, 7515],[11203, 7515],[11209, 7509],[11218, 7500],[11221, 7497],[11226, 7497],[11241, 7482],[11241, 7476.41],[11268, 7449],[11270, 7447],[11270, 7441.57],[11308, 7403],[11310, 7401],[11310, 7390.06],[11314, 7386],[11316, 7384],[11333, 7367],[11333, 7356],[11339, 7350],[11339, 7349.71],[11354, 7334],[11356, 7332],[11356, 7321.19],[11360, 7317],[11362, 7315],[11367, 7310],[11367, 7308],[11368, 7307],[11368, 7298],[11373, 7293],[11373, 7292.44],[11377, 7288],[11379, 7286],[11379, 7275.44],[11383, 7271],[11385, 7269],[11390, 7264],[11390, 7262],[11391, 7261],[11391, 7252],[11396, 7247],[11396, 7246.44],[11400, 7242],[11402, 7240],[11402, 7229.44],[11406, 7225],[11408, 7223],[11413, 7218],[11413, 7216],[11414, 7215],[11414, 7206],[11419, 7201],[11419, 7200.44],[11423, 7196],[11425, 7194],[11425, 7183.44],[11429, 7179],[11431, 7177],[11436, 7172],[11436, 7170],[11437, 7169],[11437, 7165.04],[11440, 7162],[11442, 7160],[11442, 7155],[11442, 7153],[11443, 7152],[11443, 7148.04],[11446, 7145],[11448, 7143],[11454, 7137],[11465, 7126],[11465, 7115],[11471, 7109],[11471, 7108.71],[11486, 7093],[11488, 7091],[11488, 7080.19],[11492, 7076],[11494, 7074],[11499, 7069],[11499, 7068.19],[11503, 7064],[11505, 7062],[11505, 7056],[11505, 7052],[11505, 7051.44],[11509, 7047],[11511, 7045],[11516, 7040],[11516, 7038],[11517, 7037],[11517, 7034.06],[11521, 7030],[11523, 7028],[11523, 7022],[11528, 7017],[11528, 7016],[11528, 7012],[11546, 6994],[11546, 6993],[11546, 6987.14],[11546.18, 6986.95],[11555, 6978],[11557, 6976],[11557, 6971.47],[11567, 6961],[11569, 6959],[11569, 6953],[11580, 6942],[11580, 6937],[11580, 6936.48],[11590, 6926],[11592, 6924],[11592, 6918.43],[11601, 6909],[11603, 6907],[11603, 6902],[11603, 6900],[11604, 6899],[11604, 6895.73],[11653, 6846],[11655, 6844],[11655, 6838],[11655, 6833],[11678, 6810],[11678, 6804],[11678, 6799],[11699, 6777],[11701, 6775],[11701, 6769],[11701, 6764],[11712, 6753],[11712, 6752.19],[11716, 6748],[11718, 6746],[11718, 6735.44],[11722, 6731],[11723, 6730],[11724, 6729],[11729, 6724],[11729, 6722],[11730, 6721],[11730, 6712],[11735, 6707],[11735, 6706.44],[11739, 6702],[11741, 6700],[11741, 6689.44],[11745, 6685],[11746, 6684],[11747, 6683],[11752, 6678],[11752, 6676],[11753, 6675],[11753, 6666],[11758, 6661],[11758, 6660.44],[11762, 6656],[11764, 6654],[11764, 6643],[11769, 6638],[11775, 6632],[11775, 6630],[11776, 6629],[11776, 6609],[11781, 6604],[11781, 6603.44],[11785, 6599],[11787, 6597],[11787, 6586],[11792, 6581],[11798, 6575],[11798, 6573],[11799, 6572],[11799, 6551],[11808, 6541],[11810, 6539],[11810, 6505],[11815, 6500],[11821, 6494],[11821, 6492],[11822, 6491],[11822, 6448],[11831, 6438],[11833, 6436],[11833, 6331],[11834, 6330],[11836, 6330],[11839, 6327],[11839, 6323],[11838, 6322],[11839, 6321],[11839, 6317],[11835, 6313],[11833, 6313],[11833, 6310],[11835, 6308],[11844, 6308],[11845, 6307],[11847, 6307],[11850, 6304],[11850, 6302],[11851, 6301],[11853, 6301],[11856, 6298],[11856, 6294],[11852, 6290],[11841, 6290],[11833, 6282],[11833, 6156],[11831, 6154],[11822, 6144],[11822, 6100],[11821, 6099],[11821, 6097],[11810, 6086],[11810, 6052],[11808, 6050],[11799, 6040],[11799, 6020],[11798, 6019],[11798, 6017],[11787, 6006],[11787, 5995],[11785, 5993],[11776, 5983],[11776, 5962],[11775, 5961],[11775, 5959],[11764, 5948],[11764, 5937],[11762, 5935],[11753, 5925],[11753, 5916],[11752, 5915],[11752, 5913],[11741, 5902],[11741, 5891],[11739, 5889],[11730, 5879],[11730, 5870],[11729, 5869],[11729, 5867],[11718, 5856],[11718, 5845],[11695, 5822],[11695, 5811],[11693, 5809],[11672, 5787],[11672, 5776],[11603, 5707],[11603, 5696],[11601, 5694],[11590, 5682],[11589, 5681],[11577, 5681],[11508, 5612],[11496, 5612],[11475, 5590],[11474, 5589],[11462, 5589],[11439, 5566],[11427, 5566],[11415, 5554],[11404, 5554],[11393, 5543],[11381, 5543],[11369, 5531],[11358, 5531],[11347, 5520],[11335, 5520],[11323, 5508],[11301, 5508],[11290, 5497],[11278, 5497],[11266, 5485],[11243, 5485],[11232, 5474],[11197, 5474],[11185, 5462],[11147, 5462],[11146, 5463],[11145, 5462],[11107, 5462],[11103, 5466],[11103, 5468],[11095, 5468],[11092, 5471],[11092, 5473],[11083, 5473],[11080, 5476],[11080, 5479],[11060, 5479],[11057, 5482],[11057, 5491],[11037, 5491],[11034, 5494],[11034, 5502],[11021, 5502],[11017, 5506],[11017, 5514],[10997, 5514],[10994, 5517],[10994, 5531],[10980, 5531],[10976, 5535],[10976, 5548],[10946, 5548],[10942, 5552],[10942, 5565],[10906, 5565],[10902, 5569],[10902, 5583],[10877, 5583],[10873, 5587],[10873, 5600],[10871, 5600],[10867, 5604],[10867, 5623],[10819, 5623],[10816, 5626],[10816, 5655],[10818, 5657],[10820, 5657],[10821, 5658],[10853, 5658],[10863, 5667],[10865, 5669],[10876, 5669],[10896, 5689],[10896, 5694],[10896, 5700],[10902, 5706],[10902, 5709],[10899, 5709],[10896, 5712],[10896, 5730],[10896, 5742],[10896, 5748],[10896, 5749],[10865, 5749],[10861, 5753],[10861, 5755],[10853, 5755],[10850, 5758],[10850, 5771],[10850, 5782],[10848, 5784],[10825, 5784],[10821, 5788],[10821, 5790],[10802, 5790],[10799, 5793],[10799, 5795],[10791, 5795],[10787, 5799],[10787, 5807],[10698, 5807],[10695, 5810],[10695, 5818],[10664, 5818],[10661, 5821],[10661, 5841],[10606, 5841],[10603, 5844],[10603, 5853],[10595, 5853],[10592, 5856],[10592, 5887],[10577, 5887],[10574, 5890],[10574, 5893],[10566, 5893],[10562, 5897],[10562, 5905],[10549, 5905],[10546, 5908],[10546, 5916],[10538, 5916],[10534, 5920],[10534, 5933],[10491, 5933],[10488, 5936],[10488, 5948],[10484.63, 5951],[10480, 5951],[10477, 5954],[10477, 5956],[10468, 5956],[10456, 5968],[10433, 5968],[10430, 5971],[10430, 5977.83],[10427.64, 5980],[10421, 5980],[10419, 5982],[10419, 5988],[10413, 5994],[10413, 5995],[10413, 5999],[10413, 6000],[10407, 6006],[10407, 6012],[10407, 6018],[10402, 6023],[10401, 6024],[10401, 6029],[10396, 6034],[10396, 6037],[10387, 6037],[10385, 6039],[10385, 6043],[10381, 6043],[10379, 6045],[10379, 6051],[10379, 6062],[10379, 6068],[10378, 6069],[10378, 6070],[10378, 6072],[10376, 6072],[10373, 6075],[10373, 6078],[10370, 6078],[10367, 6081],[10367, 6083],[10364, 6083],[10361, 6086],[10361, 6097.81],[10357, 6102],[10356, 6103],[10355, 6104],[10355, 6106],[10353, 6106],[10341, 6118],[10335, 6118],[10332, 6121],[10332, 6135],[10323, 6135],[10321, 6137],[10321, 6146],[10313, 6146],[10307, 6152],[10304, 6155],[10301, 6158],[10289, 6158],[10288, 6159],[10277, 6171],[10275, 6173],[10275, 6181],[10249, 6181],[10243, 6187],[10237, 6187],[10232, 6192],[10216, 6192],[10214, 6194],[10209.91, 6198],[10204, 6198],[10202, 6200],[10174.39, 6227],[10170, 6227],[10165, 6232],[10164, 6232],[10163, 6233],[10139, 6233],[10138, 6234],[10133.42, 6239],[10122, 6239],[10121, 6240],[10117.33, 6244],[10116, 6244],[10115, 6245],[10110.42, 6250],[10094, 6250],[10088, 6256],[10082, 6256],[10076, 6262],[10075, 6263],[10071, 6267],[10060, 6267],[10056, 6271],[10056, 6276.18],[10054.33, 6278],[10043, 6278],[10042, 6279],[10036, 6285],[10031, 6285],[10026, 6290],[10020, 6290],[10016, 6294],[10016, 6299.18],[10013.42, 6302],[10005, 6302],[9999, 6308],[9988, 6319],[9982, 6323.98],[9982, 6350],[9985, 6353],[9987, 6353],[9988, 6354],[9997, 6354],[10004.14, 6360.43],[10012, 6369],[10013, 6370],[10015, 6370],[10016, 6371],[10088.33, 6371],[10092, 6375],[10093, 6376],[10095, 6376],[10096, 6377],[10106.75, 6377],[10115, 6386],[10116, 6387],[10118, 6387],[10119, 6388],[10123.33, 6388],[10127, 6392],[10128, 6393],[10130, 6393],[10131, 6394],[10135, 6394],[10146, 6405],[10180, 6405],[10191, 6416],[10193, 6416],[10194, 6417],[10203, 6417],[10224, 6437.34],[10224, 6442],[10224, 6443],[10235, 6454],[10235, 6459],[10235, 6460],[10235, 6464],[10235, 6465],[10235, 6466],[10240, 6471],[10240, 6495],[10240, 6507],[10235, 6512],[10235, 6514],[10226, 6514],[10224, 6516],[10224, 6522],[10212, 6534],[10212, 6540],[10212, 6546],[10203.9, 6554],[10187, 6554],[10185, 6556],[10174.09, 6566],[10170, 6566],[10166, 6570],[10166, 6577],[10158, 6577],[10156, 6579],[10144, 6590],[10143, 6591],[10143, 6592],[10141, 6594],[10129, 6594],[10125, 6598],[10125, 6603.33],[10122.09, 6606],[10118, 6606],[10114, 6610],[10114, 6612],[10112, 6612],[10108, 6616],[10108, 6623],[10100, 6623],[10094, 6629],[10078, 6629],[10074.5, 6632.5],[10071, 6629],[10054, 6629],[10042, 6641],[10019, 6641],[10016, 6644],[10016, 6647],[10013, 6647],[10010, 6650],[10010, 6655.18],[10007.42, 6658],[10002, 6658],[9999, 6661],[9999, 6664],[9996, 6664],[9993, 6667],[9993, 6675],[9990, 6675],[9989.5, 6675.5],[9983, 6669],[9979, 6669],[9976, 6672],[9976, 6690],[9974, 6692],[9963, 6692],[9959, 6696],[9959, 6698],[9956, 6698],[9941, 6713],[9941, 6719],[9933, 6727],[9932, 6727],[9931, 6728],[9926.42, 6733],[9922, 6733],[9907, 6748],[9907, 6759],[9904, 6762],[9887, 6762],[9881, 6768],[9874, 6761],[9863, 6761],[9855, 6753],[9855, 6742],[9851, 6738],[9847, 6738],[9844, 6741],[9844, 6744],[9795, 6744],[9792, 6747],[9792, 6755],[9677, 6755],[9677, 6750],[9676, 6749],[9642, 6749],[9642, 6755],[9600, 6755],[9596, 6759],[9596, 6767],[9589, 6767],[9585, 6771],[9585, 6776],[9585, 6790],[9560, 6790],[9557, 6793],[9557, 6807],[9543, 6807],[9539, 6811],[9539, 6816],[9539, 6819],[9526, 6819],[9522, 6823],[9522, 6842],[9502, 6842],[9499, 6845],[9499, 6847],[9496, 6847],[9493, 6850],[9493, 6853],[9491, 6853],[9487, 6857],[9487, 6865],[9468, 6865],[9464, 6869],[9464, 6876],[9457, 6876],[9453, 6880],[9453, 6882],[9450, 6882],[9447, 6885],[9447, 6888],[9445, 6888],[9441, 6892],[9441, 6930],[9442, 6931],[9442, 6948],[9445, 6951],[9439, 6951],[9436, 6954],[9436, 6977.64],[9432, 6982],[9430, 6984],[9430, 7045],[9432, 7047],[9443, 7059],[9444, 7060],[9446, 7060],[9447, 7061],[9453, 7061],[9453, 7156],[9445, 7164],[9434, 7164],[9430, 7168],[9430, 7213],[9428, 7215],[9427, 7215],[9426, 7216],[9415, 7216],[9414, 7217],[9404.83, 7227],[9403, 7227],[9402, 7228],[9391, 7240],[9389, 7242],[9389, 7245],[9386, 7245],[9385, 7246],[9374, 7258],[9372, 7260],[9372, 7402],[9387, 7417],[9398, 7417],[9401, 7419.67],[9401, 7420],[9401, 7421],[9401, 7425],[9401, 7426],[9396, 7431],[9395, 7432],[9395, 7437],[9364, 7468],[9359, 7468],[9358, 7469],[9357, 7470],[9346.89, 7480],[9346, 7480],[9340, 7486],[9311, 7515],[9310, 7516],[9309, 7517],[9277, 7549],[9271, 7549],[9265, 7555],[9260, 7555],[9255, 7560],[9249, 7560],[9248, 7561],[9243, 7566],[9238, 7566],[9232, 7572],[9220, 7572],[9214, 7578],[9197, 7578],[9186, 7589],[9169, 7589],[9163, 7595],[9099, 7595],[9094, 7590],[9093, 7589],[9036, 7589],[9035, 7590],[9030, 7595],[8979, 7595],[8976, 7598],[8976, 7615],[8973, 7618],[8962, 7618],[8958, 7622],[8958, 7624],[8956, 7624],[8952, 7628],[8952, 7639],[8950, 7641],[8939, 7641],[8935, 7645],[8935, 7652],[8933, 7652],[8930, 7655],[8929, 7656],[8929, 7662],[8929, 7668],[8927, 7670],[8916, 7670],[8912, 7674],[8912, 7691],[8910, 7693],[8898, 7693],[8895, 7696],[8895, 7710],[8887, 7710],[8883, 7714],[8883, 7718],[8886, 7721],[8882, 7721],[8878, 7725],[8878, 7729],[8884, 7735],[8880, 7739],[8870, 7739],[8866, 7743],[8866, 7744],[8864, 7744],[8861, 7747],[8860, 7748],[8860, 7752],[8861, 7753],[8861, 7758],[8861, 7758.42],[8856, 7763],[8855, 7764],[8855, 7770],[8855.5, 7770.5],[8855, 7771],[8855, 7774],[8852, 7774],[8849, 7777],[8849, 7781],[8853, 7785],[8846, 7785],[8843, 7788],[8843, 7792],[8844, 7793],[8844, 7808],[8836, 7808],[8832, 7812],[8832, 7831],[8824, 7831],[8820, 7835],[8820, 7860],[8817, 7860],[8815, 7862],[8815, 7868],[8820, 7873],[8820, 7877],[8818, 7877],[8814, 7881],[8814, 7893],[8809, 7898],[8809, 7909],[8809, 7914],[8809, 7915],[8809, 7919],[8809, 7920],[8809, 7921],[8809, 7923],[8807, 7923],[8803, 7927],[8803, 7943],[8803, 7948],[8803, 7949],[8798, 7954],[8798, 7959],[8792, 7965],[8792, 7969],[8772, 7969],[8768, 7973],[8768, 7984],[8768, 8001],[8768, 8013],[8768, 8024],[8768, 8030],[8763, 8035],[8763, 8040],[8757, 8046],[8757, 8047],[8757, 8052],[8757, 8053],[8757, 8057],[8757, 8058],[8751, 8064],[8751, 8075],[8746, 8080],[8746, 8086],[8745, 8087],[8745, 8088],[8745, 8093],[8740, 8098],[8740, 8099],[8740, 8104],[8740, 8109],[8740, 8110],[8734, 8116],[8734, 8121],[8729, 8126],[8729, 8132],[8728, 8133],[8723, 8138],[8723, 8144],[8722, 8145],[8717, 8150],[8717, 8155],[8717, 8155.81],[8713, 8160],[8711, 8162],[8711, 8162.18],[8707, 8166],[8706, 8167],[8706, 8172],[8705, 8173],[8705, 8173.18],[8701, 8177],[8700, 8178],[8700, 8179],[8700, 8184],[8699, 8185],[8694, 8190],[8688, 8196],[8688, 8202],[8688, 8207],[8688, 8208],[8688, 8213],[8683, 8218],[8683, 8224],[8682, 8225],[8677, 8230],[8677, 8247],[8676, 8248],[8676, 8249],[8676, 8254],[8671, 8259],[8671, 8260],[8671, 8265],[8671, 8270],[8671, 8271],[8665, 8277],[8665, 8283],[8665, 8287],[8665, 8288],[8660, 8293],[8659, 8294],[8659, 8295],[8623, 8331],[8622, 8331],[8599, 8354],[8593, 8360],[8588, 8365],[8587, 8366],[8585, 8368],[8582, 8371],[8576, 8377],[8546, 8407],[8545, 8408],[8540, 8413],[8539, 8414],[8533, 8420],[8527, 8426],[8517, 8436],[8516, 8437],[8515, 8438],[8504, 8449],[8504, 8454],[8504, 8455],[8499, 8460],[8499, 8465],[8494, 8470],[8493, 8471],[8492, 8472],[8492, 8472.58],[8483, 8482],[8481, 8484],[8481, 8489],[8476, 8494],[8476, 8495],[8464, 8507],[8464, 8511],[8458, 8517],[8458, 8518],[8443, 8533],[8442, 8534],[8438, 8538],[8432, 8538],[8431, 8539],[8421.45, 8549],[8416, 8549],[8410, 8555],[8409, 8556],[8403, 8556],[8398, 8561],[8392, 8561],[8386, 8567],[8376, 8567],[8371, 8572],[8364, 8572],[8358, 8578],[8357, 8579],[8352, 8579],[8347, 8584],[8340, 8584],[8339, 8585],[8334.23, 8590],[8330, 8590],[8328, 8592],[8324.95, 8595],[8324, 8595],[8323, 8596],[8318, 8601],[8317, 8602],[8316, 8603],[8311.88, 8607],[8305, 8607],[8304, 8608],[8299.42, 8613],[8299, 8613],[8297, 8615],[8297, 8615.64],[8293, 8620],[8291, 8622],[8280, 8633],[8280, 8638],[8280, 8639],[8274, 8645],[8274, 8645.07],[8270, 8649],[8269, 8650],[8269, 8655],[8269, 8661],[8268, 8662],[8263, 8667],[8263, 8673],[8257, 8679],[8257, 8684],[8257, 8686],[8257, 8696],[8257, 8697],[8257, 8707],[8257, 8708],[8251, 8714],[8251, 8742],[8246, 8747],[8246, 8754],[8246, 8783],[8246, 8788],[8251, 8793],[8251, 8821],[8257, 8827],[8257, 8857],[8251, 8863],[8251, 8875],[8246, 8880],[8246, 8885],[8246, 8891],[8245, 8892],[8245, 8903],[8240, 8908],[8240, 8920],[8234, 8926],[8234, 8927],[8234, 8932],[8234, 8938],[8228, 8944],[8228, 8956],[8223, 8961],[8223, 8966],[8223, 8971],[8217, 8977],[8217, 9000],[8217, 9001],[8205, 9013],[8205, 9036],[8205, 9040],[8205, 9041],[8200, 9046],[8200, 9052],[8199, 9053],[8194, 9058],[8194, 9071],[8188, 9077],[8188, 9082],[8188, 9087],[8188, 9088],[8188, 9093],[8177, 9104],[8177, 9110],[8177, 9121],[8176, 9122],[8176, 9123],[8176, 9135],[8165, 9146],[8165, 9151],[8165, 9155],[8165, 9156],[8165, 9157],[8165, 9163],[8165, 9173],[8165, 9178],[8165, 9179],[8159, 9185],[8159, 9186],[8153, 9192],[8153, 9214],[8148, 9219],[8148, 9230],[8147, 9231],[8147, 9232],[8147, 9237],[8147, 9238],[8142, 9243],[8142, 9259],[8147, 9264],[8147, 9271],[8136, 9282],[8136, 9283],[8136, 9284],[8136, 9288],[8136, 9300],[8136, 9317],[8126.35, 9326.65],[8126.44, 9327.56],[8127, 9333],[8127, 9347],[8127, 9354],[8127, 9355],[8125, 9357],[8124, 9358],[8124, 9363],[8119, 9368],[8119, 9369.81],[8116.47, 9372.46],[8116.47, 9372.47],[8115, 9374],[8113, 9376],[8113, 9380],[8104.5, 9388.5],[8101, 9392]]]},"properties":{"objectType":"annotation","classification":{"name":"Ignore*","color":[180, 180, 180]}}}]}