{"type":"FeatureCollection","features":[{"type":"Feature","id":"4768a566-6556-4eea-9d9d-78438ef1f85f","geometry":{"type":"Polygon","coordinates":[[[5717, 17135],[5717, 17142],[5717, 17149],[5717, 17157],[5717, 17164],[5717, 17171],[5717, 17178],[5717, 17186],[5717, 17193],[5717, 17200],[5717, 17207],[5717, 17215],[5717, 17222],[5717, 17229],[5717, 17236],[5717, 17244],[5717, 17251],[5717, 17280],[5717, 17302],[5717, 17309],[5717, 17316],[5717, 17323],[5717, 17331],[5717, 17338],[5717, 17345],[5717, 17352],[5722, 17405],[5738, 17456],[5743.57, 17466.48],[5744, 17471],[5747.87, 17483.32],[5749, 17490],[5749.53, 17491.39],[5751, 17507],[5753.28, 17514.28],[5756.92, 17530.66],[5757, 17532],[5758.27, 17536.73],[5761, 17549],[5765.07, 17561.97],[5771, 17584],[5773.84, 17589.92],[5777, 17600],[5787.98, 17619.43],[5790.22, 17624.1],[5791.51, 17627.51],[5797, 17645],[5800.84, 17652.23],[5805.55, 17667.01],[5806, 17670],[5809.07, 17678.09],[5810, 17681],[5811.59, 17684.71],[5825, 17720],[5828.9, 17726.26],[5830, 17732],[5835.17, 17745.61],[5840, 17761],[5843.57, 17767.71],[5849, 17782],[5852.14, 17788.07],[5853, 17791],[5853.32, 17791.63],[5855, 17797],[5859.62, 17805.69],[5862, 17816],[5867.53, 17828.32],[5869, 17833],[5873.06, 17840.63],[5884, 17865],[5888.45, 17871.17],[5889, 17877],[5905, 17928],[5930, 17975],[5936.85, 17983.26],[5938.24, 17987.69],[5942, 18004],[5946.29, 18013.36],[5949, 18022],[5958.04, 18038.99],[5964, 18052],[5981.48, 18082.75],[5985, 18098],[6012.07, 18179.22],[6013, 18189],[6016.87, 18201.32],[6018, 18208],[6023.42, 18222.27],[6029, 18254.14],[6029, 18259],[6029, 18281],[6029, 18295],[6030.12, 18306.83],[6030, 18313],[6031.86, 18325.33],[6034, 18348],[6036.47, 18355.88],[6038, 18366],[6038.3, 18366.79],[6042, 18406],[6044, 18412.38],[6044, 18418],[6044, 18426],[6044, 18440],[6044, 18447],[6044, 18455],[6044, 18476],[6044, 18549],[6044, 18556],[6046, 18590],[6048.59, 18604.7],[6049, 18609],[6050.88, 18615],[6053, 18624],[6057, 18640],[6063, 18656],[6070, 18672],[6086, 18702],[6096, 18716],[6106, 18729],[6118, 18742],[6124, 18748],[6130, 18754],[6143, 18766],[6156, 18776],[6170, 18786],[6200, 18802],[6216, 18809],[6232, 18815],[6248, 18819],[6257, 18821.12],[6263, 18823],[6267.3, 18823.41],[6282, 18826],[6316, 18828],[6350, 18826],[6364.7, 18823.41],[6369, 18823],[6375, 18821.12],[6384, 18819],[6400, 18815],[6416, 18809],[6432, 18802],[6462, 18786],[6476, 18776],[6489, 18766],[6502, 18754],[6508, 18748],[6514, 18742],[6526, 18729],[6536, 18716],[6546, 18702],[6562, 18672],[6569, 18656],[6575, 18640],[6579, 18624],[6581.12, 18615],[6583, 18609],[6583.41, 18604.7],[6586, 18590],[6588, 18556],[6588, 18549],[6588, 18476],[6588, 18455],[6588, 18447],[6588, 18440],[6588, 18426],[6588, 18418],[6588, 18389],[6588, 18360],[6583, 18307],[6580.81, 18300.03],[6579.88, 18290.2],[6580, 18284],[6578.13, 18271.64],[6576, 18249],[6573.53, 18241.12],[6573, 18237.61],[6573, 18236],[6573, 18230],[6570.74, 18206],[6569, 18183],[6568.06, 18177.62],[6568, 18177],[6567.89, 18176.64],[6555, 18103],[6550.4, 18086.24],[6549, 18078],[6547.59, 18074.3],[6547, 18068],[6542.08, 18052.31],[6536, 18028],[6528, 18006],[6526.9, 18003.71],[6511.05, 17956.16],[6510, 17945],[6507.71, 17937.7],[6507, 17933],[6501.05, 17916.47],[6494, 17894],[6490.78, 17887.95],[6489, 17883],[6482, 17868],[6481.04, 17866.36],[6479, 17861],[6472, 17847],[6466.31, 17837.85],[6465, 17835],[6463.86, 17833],[6463.14, 17830.69],[6462, 17824],[6456.48, 17809.48],[6451, 17792],[6446.94, 17784.36],[6443, 17774],[6436, 17760],[6414, 17716],[6407, 17702],[6404.27, 17697.61],[6403, 17691],[6397.83, 17677.38],[6393, 17662],[6389.43, 17655.29],[6384, 17641],[6374.88, 17623.37],[6374.77, 17623.03],[6373, 17617],[6372.68, 17616.37],[6371, 17611],[6359.05, 17588.55],[6358.43, 17586.58],[6358, 17582],[6354.68, 17571.42],[6354, 17567],[6348.51, 17551.75],[6342, 17531],[6339.03, 17525.42],[6336, 17517],[6322.66, 17489.36],[6321, 17485],[6315.26, 17475.77],[6315, 17473],[6308.22, 17451.39],[6303, 17432],[6300.5, 17426.79],[6299, 17422],[6291.02, 17406.99],[6286.81, 17398.22],[6285, 17379],[6281.87, 17369.05],[6281.87, 17369.04],[6278, 17328],[6262, 17277],[6261, 17275.12],[6261, 17251],[6261, 17244],[6261, 17236],[6261, 17229],[6261, 17222],[6261, 17215],[6261, 17207],[6261, 17200],[6261, 17193],[6261, 17186],[6261, 17178],[6261, 17171],[6261, 17164],[6261, 17157],[6261, 17149],[6261, 17142],[6261, 17135],[6256, 17082],[6240, 17031],[6215, 16984],[6181, 16943],[6140, 16909],[6093, 16884],[6042, 16868],[5989, 16863],[5936, 16868],[5885, 16884],[5838, 16909],[5797, 16943],[5763, 16984],[5738, 17031],[5722, 17082],[5717, 17135]]]},"properties":{"objectType":"annotation","classification":{"name":"Tissue","color":[83, 47, 31]}}},{"type":"Feature","id":"7d17b02c-6f9a-4c79-b653-f5256a0e28aa","geometry":{"type":"Polygon","coordinates":[[[17714, 6550],[17719, 6603],[17735, 6654],[17760, 6701],[17794, 6742],[17835, 6776],[17882, 6801],[17933, 6817],[17986, 6822],[18001, 6822],[18054, 6817],[18105, 6801],[18152, 6776],[18158.3, 6770.78],[18203, 6747],[18209.23, 6741.84],[18219.68, 6734.3],[18224, 6732],[18230.59, 6726.54],[18234.43, 6724.15],[18246, 6718],[18251.04, 6713.82],[18262, 6707],[18277.71, 6691.71],[18287, 6684],[18294, 6677],[18302, 6669],[18308.33, 6661.36],[18316, 6655],[18323, 6648],[18357, 6607],[18357.05, 6606.9],[18357.06, 6606.9],[18358, 6606],[18358.1, 6605.88],[18365, 6600],[18372.62, 6589.99],[18381.95, 6580.16],[18382.56, 6579.9],[18395, 6576],[18408.82, 6568.65],[18422, 6563],[18431.08, 6556.81],[18442, 6551],[18453.1, 6541.8],[18466, 6533],[18477.14, 6521.86],[18481.9, 6517.91],[18493.29, 6510.57],[18500, 6507],[18504.09, 6503.61],[18519, 6494],[18535.14, 6477.86],[18541, 6473],[18548, 6466],[18552.87, 6460.13],[18557, 6456],[18557.1, 6455.86],[18578, 6440],[18585.96, 6432.45],[18600, 6422],[18615, 6408],[18622.51, 6399.41],[18623, 6399],[18655.08, 6366.17],[18658, 6364],[18673, 6350],[18675.3, 6347.37],[18676, 6347],[18698, 6332],[18704.69, 6326.29],[18716, 6319],[18752, 6290],[18767.14, 6274.86],[18773, 6270],[18800.43, 6242.57],[18817, 6230],[18831.03, 6216.69],[18843, 6207],[18869.25, 6181.35],[18888.72, 6168.22],[18891, 6167],[18932, 6133],[18933, 6132],[18961, 6104],[18969, 6096],[18982.43, 6082.57],[18991.31, 6076.85],[18995, 6075],[19003.25, 6069.75],[19005, 6069],[19010.33, 6065.24],[19017, 6061],[19024.92, 6054.96],[19049, 6038],[19068.29, 6021.36],[19078, 6017],[19085.88, 6011.32],[19094, 6007],[19108.17, 5995.25],[19121, 5986],[19128.03, 5978.78],[19135, 5973],[19155, 5953],[19199, 5910],[19199.98, 5908.84],[19201, 5908],[19237, 5872],[19239.72, 5868.72],[19247, 5862],[19261.93, 5841.93],[19271, 5831],[19273.33, 5826.62],[19279, 5819],[19291.57, 5797.86],[19329.67, 5748.33],[19330, 5748],[19330.4, 5747.38],[19333, 5744],[19344.82, 5725],[19359, 5703],[19374, 5674],[19381.76, 5653.59],[19391, 5633],[19402.66, 5597.17],[19409.87, 5577.37],[19423.32, 5547.21],[19426, 5543],[19430.8, 5533.4],[19442, 5515],[19447.14, 5500.71],[19450, 5495],[19453.57, 5482.86],[19460, 5465],[19473.89, 5411.28],[19474, 5411],[19488, 5360],[19489.21, 5352.9],[19493, 5340],[19496.73, 5320.8],[19520, 5251],[19522.04, 5242.15],[19524, 5237],[19546, 5157],[19547.25, 5149.75],[19550, 5141],[19573.49, 5029.23],[19579, 5016],[19579.84, 5013.32],[19582, 5009],[19587.63, 4988.5],[19595, 4965],[19595.48, 4959.89],[19596, 4958],[19610, 4878],[19610.16, 4875.89],[19630.49, 4768.68],[19632.53, 4760.24],[19633, 4759],[19655, 4680],[19658.19, 4661.19],[19664, 4631],[19678, 4471],[19677.97, 4469.51],[19692, 4347],[19692.23, 4334.75],[19694, 4316],[19694, 4287],[19694, 4186],[19693.61, 4181.88],[19694, 4175],[19687, 4008],[19687, 3903],[19687, 3780],[19687, 3751],[19686, 3740.4],[19686, 3724],[19679, 3654],[19679, 3577],[19679, 3475],[19676.38, 3447.21],[19676, 3437],[19674.21, 3424.19],[19674, 3422],[19673.82, 3421.42],[19672, 3408.43],[19672, 3359],[19672, 3323],[19667, 3270],[19665, 3263.63],[19665, 3258],[19663.21, 3239],[19663, 3228],[19661.5, 3220.91],[19660, 3205],[19658, 3198.63],[19658, 3193],[19658, 3185],[19658, 3178],[19656, 3144],[19653.41, 3129.3],[19653, 3125],[19651.12, 3119],[19649, 3110],[19645, 3094],[19639, 3078],[19632, 3062],[19616, 3032],[19606, 3018],[19596, 3005],[19584, 2992],[19578, 2986],[19572, 2980],[19559, 2968],[19546, 2958],[19532, 2948],[19502, 2932],[19486, 2925],[19470, 2919],[19454, 2915],[19445, 2912.88],[19439, 2911],[19434.7, 2910.59],[19420, 2908],[19386, 2906],[19352, 2908],[19337.3, 2910.59],[19333, 2911],[19327, 2912.88],[19318, 2915],[19302, 2919],[19286, 2925],[19270, 2932],[19240, 2948],[19226, 2958],[19213, 2968],[19200, 2980],[19194, 2986],[19188, 2992],[19176, 3005],[19166, 3018],[19156, 3032],[19140, 3062],[19133, 3078],[19127, 3094],[19123, 3110],[19120.88, 3119],[19119, 3125],[19118.59, 3129.3],[19116, 3144],[19114, 3178],[19114, 3185],[19114, 3193],[19114, 3200],[19114, 3207],[19114, 3222],[19114, 3229],[19114, 3236],[19115.79, 3255],[19116, 3266],[19117.5, 3273.08],[19119, 3289],[19121, 3295.37],[19121, 3316],[19126, 3369],[19128, 3375.37],[19128, 3410],[19128, 3425],[19130.62, 3452.79],[19131, 3463],[19132.79, 3475.81],[19133, 3478],[19133.18, 3478.58],[19135, 3491.58],[19135, 3577],[19135, 3671],[19136, 3681.6],[19136, 3698],[19143, 3768],[19143, 3780],[19143, 3903],[19143, 4019],[19143.39, 4023.13],[19143, 4030],[19150, 4197],[19150, 4287],[19150, 4302.47],[19137, 4416],[19136.96, 4418],[19136, 4423],[19124.13, 4558.68],[19109, 4613],[19107.94, 4619.23],[19107, 4622],[19100, 4651],[19099.13, 4656.75],[19097, 4664],[19075, 4780],[19074.95, 4780.54],[19074, 4784],[19065.19, 4834.34],[19062, 4842],[19046, 4893],[19045.53, 4898.01],[19019.3, 5022.83],[19003.15, 5081.56],[18975, 5166],[18971.36, 5181.79],[18966, 5200],[18960.19, 5229.88],[18950, 5267],[18949.61, 5269.31],[18949, 5271],[18943.17, 5293.55],[18935, 5308],[18906, 5373],[18904, 5379],[18898, 5391],[18890, 5413],[18888.69, 5418.23],[18887, 5422],[18882.38, 5436.21],[18851, 5477],[18840.32, 5494.16],[18833, 5504],[18827.13, 5513.87],[18819, 5522],[18790.37, 5549.99],[18788, 5551],[18744, 5582],[18710.27, 5611.1],[18695, 5619],[18678.89, 5629.74],[18669, 5635],[18660.8, 5641.8],[18650, 5649],[18637.84, 5660.84],[18628, 5669],[18585, 5712],[18577, 5720],[18566.5, 5730.5],[18550.85, 5741.06],[18549, 5742],[18546.76, 5743.81],[18545, 5745],[18532.94, 5755],[18507, 5776],[18477.98, 5804.36],[18460, 5818],[18445.09, 5832.14],[18432, 5843],[18404.86, 5870.14],[18380, 5890.17],[18352, 5906],[18348.01, 5909.41],[18347, 5910],[18334.43, 5921],[18311, 5941],[18308.1, 5944.03],[18307, 5945],[18306.44, 5945.78],[18296.42, 5956.27],[18286, 5966],[18278.49, 5974.59],[18278, 5975],[18245.92, 6007.83],[18243, 6010],[18235.5, 6017],[18221, 6028],[18192, 6050],[18177.09, 6064.14],[18167.82, 6071.83],[18164.1, 6074.6],[18150, 6084],[18146.02, 6087.87],[18122, 6097],[18093, 6112],[18076.89, 6122.74],[18067, 6128],[18058.8, 6134.8],[18048, 6142],[18035.84, 6153.84],[18033.87, 6155.47],[18031, 6157],[17990, 6191],[17956, 6232],[17948.89, 6245.37],[17945, 6249],[17927.73, 6268.73],[17925, 6271],[17919.53, 6277.59],[17915, 6280],[17911.78, 6282.67],[17900, 6290],[17896.95, 6292.9],[17896.94, 6292.91],[17893, 6295],[17891.44, 6296.04],[17882, 6299],[17835, 6324],[17794, 6358],[17760, 6399],[17735, 6446],[17719, 6497],[17714, 6550]]]},"properties":{"objectType":"annotation","classification":{"name":"Ignore*","color":[180, 180, 180]}}},{"type":"Feature","id":"a34ab964-2d07-48e6-9f0c-31dce1bdc843","geometry":{"type":"Polygon","coordinates":[[[35280, 5070],[35280, 5080],[35280, 5090],[35281, 5100],[35282.81, 5109.06],[35283, 5111],[35283.6, 5113],[35285, 5120],[35288, 5129],[35291, 5139],[35295, 5148],[35305, 5166],[35306.38, 5167.83],[35307, 5169],[35309.5, 5172],[35317, 5182],[35323, 5189],[35327, 5193],[35331, 5197],[35338, 5203],[35348, 5210.5],[35351, 5213],[35352.17, 5213.63],[35354, 5215],[35372, 5225],[35381, 5229],[35391, 5232],[35400, 5235],[35407, 5236.4],[35409, 5237],[35410.94, 5237.19],[35420, 5239],[35430, 5240],[35430.41, 5240],[35435, 5243],[35464, 5255],[35467.82, 5255.62],[35478.09, 5259.31],[35487, 5263],[35495.48, 5265.61],[35497, 5267],[35500.7, 5269.42],[35505, 5273],[35511.51, 5276.49],[35523, 5284],[35531.03, 5286.94],[35533, 5288],[35538, 5289.5],[35553, 5295],[35579.93, 5302.18],[35586, 5305],[35598, 5309],[35604.69, 5310.51],[35642.29, 5321.88],[35645, 5323],[35647.12, 5323.65],[35669.6, 5333.39],[35675.82, 5336.72],[35682, 5341],[35688.17, 5343.34],[35695, 5347],[35708.48, 5351.04],[35711, 5352],[35713.51, 5352.74],[35714, 5353],[35734, 5361],[35751.4, 5368.2],[35755, 5370],[35776, 5378],[35776.87, 5378.26],[35792, 5384],[35826, 5393],[35830.79, 5393.77],[35835, 5396],[35839.1, 5397.7],[35849, 5403],[35859.61, 5406.18],[35862.9, 5407.55],[35869, 5411],[35872.59, 5412.61],[35880, 5417],[35897, 5425],[35908.33, 5428.91],[35913, 5431],[35934.47, 5438.43],[35940, 5441],[35952, 5445],[35957.43, 5446.23],[35977, 5453],[35977.65, 5453.15],[35984.72, 5455.85],[35985, 5456],[35986.02, 5456.34],[35993, 5459],[36003, 5462],[36015, 5466],[36020.5, 5467.25],[36023, 5468],[36024.1, 5468.07],[36024.98, 5468.27],[36036, 5474],[36039.11, 5475.29],[36042, 5477],[36045.82, 5478.8],[36049, 5481],[36076, 5496],[36078.58, 5496.77],[36079, 5497],[36100.28, 5503.38],[36105, 5506],[36108.85, 5507.59],[36111, 5509],[36119, 5513],[36124.29, 5514.94],[36128, 5517],[36149, 5526],[36149.63, 5526.19],[36153, 5529],[36167.99, 5537.03],[36173, 5540],[36174.83, 5540.69],[36181, 5544],[36187.51, 5545.95],[36195.5, 5550.39],[36206, 5557],[36209.64, 5558.38],[36218.8, 5563.81],[36223, 5567],[36228.48, 5569.55],[36236, 5574],[36245.88, 5577.62],[36251, 5580],[36257.8, 5582.48],[36260, 5584],[36265.76, 5586.38],[36279, 5593],[36286.31, 5594.89],[36288.6, 5595.84],[36290, 5597],[36299.44, 5602.06],[36304.74, 5605.52],[36311, 5611],[36317.45, 5614.82],[36319, 5616],[36321.8, 5617.4],[36338, 5627],[36338.48, 5627.16],[36339.65, 5628.05],[36356, 5641],[36384, 5656],[36390.67, 5657.78],[36399.62, 5661.19],[36403, 5663],[36422.14, 5668.75],[36425.59, 5670.67],[36433, 5676],[36442, 5681],[36445.85, 5682.59],[36448, 5684],[36449.99, 5684.99],[36450, 5685],[36463, 5694],[36490, 5709],[36499.58, 5713.15],[36503, 5716],[36512.77, 5721.23],[36517, 5724],[36533.69, 5732.84],[36537, 5735],[36552.71, 5742.86],[36560, 5748],[36567.83, 5752.35],[36578, 5759],[36584.26, 5762.26],[36589, 5767],[36594.55, 5770.63],[36601, 5776],[36603.22, 5777.19],[36605.2, 5778.83],[36609, 5783],[36618.75, 5790.13],[36627, 5797],[36631.34, 5799.32],[36635, 5802],[36641.4, 5804.97],[36646, 5809],[36652.79, 5813.7],[36653, 5814],[36654.64, 5815.66],[36655.99, 5829.61],[36653.47, 5830.96],[36650, 5832],[36643.23, 5835.63],[36643.21, 5835.64],[36642, 5836],[36636.48, 5838.95],[36633, 5840],[36627.06, 5843.18],[36621, 5845],[36593, 5860],[36569, 5880],[36549, 5904],[36534, 5932],[36525, 5962],[36522, 5993],[36525, 6024],[36534, 6054],[36549, 6082],[36569, 6106],[36593, 6126],[36621, 6141],[36651, 6150],[36682, 6153],[36690, 6153],[36700.33, 6152],[36708, 6152],[36713.43, 6150.73],[36721, 6150],[36736.5, 6145.35],[36738, 6145],[36738.88, 6144.64],[36751, 6141],[36755.65, 6138.51],[36764, 6136],[36779.56, 6127.66],[36779.58, 6127.66],[36786, 6126],[36790, 6124],[36814, 6112],[36822, 6107],[36825.24, 6104.41],[36826, 6104],[36828, 6102.34],[36829, 6102],[36839, 6099],[36848, 6095],[36866, 6085],[36867.83, 6083.63],[36869, 6083],[36872, 6080.5],[36882, 6073],[36884.67, 6070.71],[36886, 6070],[36910, 6050],[36914, 6046],[36934, 6022],[36946.21, 5999.2],[36946.23, 5999.17],[36947, 5998],[36947.47, 5996.86],[36947.48, 5996.83],[36949, 5994],[36949.92, 5990.94],[36950.27, 5990.09],[36953, 5985],[36954.64, 5979.55],[36959, 5969],[36960.4, 5960.35],[36962, 5955],[36962.05, 5954.51],[36967, 5938],[36969.95, 5907.5],[36969.95, 5907.49],[36971, 5904],[36972.09, 5892.73],[36974, 5887],[36974.15, 5885.83],[36975, 5883],[36976.45, 5868],[36978, 5856],[36977.85, 5853.6],[36978, 5852],[36978, 5843],[36978, 5839],[36978, 5831],[36978, 5826],[36978, 5822],[36978, 5818],[36978, 5814],[36978, 5809],[36975, 5778],[36973, 5771.33],[36973, 5770],[36972.11, 5764.5],[36971, 5753],[36969.4, 5747.65],[36969.37, 5747.5],[36967, 5723],[36958, 5693],[36955.5, 5688.33],[36953, 5680],[36938, 5652],[36935.1, 5648.52],[36930, 5639],[36910, 5615],[36894.54, 5602.12],[36894.53, 5602.11],[36891, 5597],[36883.16, 5589.84],[36876, 5582],[36870.09, 5577.91],[36868, 5576],[36851, 5563],[36839, 5553],[36835.06, 5550.89],[36834.7, 5550.64],[36834, 5550],[36819.16, 5538.65],[36814, 5533],[36810.29, 5530.29],[36808, 5528],[36800.02, 5522.78],[36788, 5514],[36784.38, 5512.32],[36784, 5512],[36777, 5505],[36770.5, 5500.75],[36766, 5497],[36759.16, 5493.34],[36751, 5488],[36735.18, 5479.77],[36727, 5474],[36716.04, 5467.91],[36707, 5462],[36683.01, 5450],[36675, 5443],[36648, 5428],[36628.16, 5419.4],[36625, 5417],[36612, 5409],[36606.5, 5406.25],[36600, 5402],[36598, 5401],[36594.87, 5399.26],[36586, 5393],[36575.31, 5387.06],[36568, 5382],[36562.33, 5379.85],[36559, 5378],[36546.25, 5373.75],[36539, 5371],[36534.57, 5369.7],[36533, 5369],[36532.28, 5368.76],[36531.61, 5368.4],[36529, 5366.33],[36525, 5363],[36523.31, 5361.83],[36521, 5360],[36519.55, 5359.22],[36516.11, 5356.84],[36514, 5355],[36490.87, 5341.29],[36488.41, 5339.59],[36485, 5337],[36483.8, 5336.4],[36476, 5331],[36463.68, 5325.9],[36459, 5322],[36431, 5307],[36424.53, 5305.06],[36406, 5298],[36404.79, 5297.64],[36401.8, 5296.4],[36395, 5293],[36379.57, 5283.86],[36374, 5280],[36370.89, 5278.71],[36368, 5277],[36357.07, 5272.99],[36354.14, 5271.78],[36344, 5265.15],[36338, 5261],[36336.78, 5260.43],[36330, 5256],[36316.83, 5251.17],[36310, 5248],[36304.13, 5246.04],[36299, 5243],[36297.74, 5242.52],[36295, 5241],[36277, 5233],[36276.5, 5232.83],[36275, 5232],[36261, 5226],[36252, 5221],[36248.15, 5219.41],[36246, 5218],[36238, 5214],[36228.85, 5210.65],[36221, 5207],[36206.1, 5201.58],[36195, 5195],[36191.96, 5193.57],[36191, 5193],[36190.32, 5192.79],[36180.43, 5188.14],[36161.23, 5178.16],[36161, 5178],[36160.62, 5177.84],[36159, 5177],[36130, 5165],[36127.37, 5164.58],[36119, 5162],[36111.85, 5160.62],[36107, 5159],[36093.99, 5156.04],[36086, 5153],[36084.37, 5152.51],[36081, 5151],[36059.53, 5143.57],[36054, 5141],[36042, 5137],[36036.56, 5135.77],[36029.3, 5133.26],[36018.43, 5128.14],[35997, 5116],[35989.65, 5112.7],[35979, 5107],[35972.71, 5105.11],[35968, 5103],[35962.03, 5101.61],[35961, 5101],[35944, 5093],[35940.07, 5091.65],[35937, 5090],[35923.92, 5086.08],[35915, 5083],[35912.12, 5082.53],[35907, 5081],[35896.67, 5080],[35880.01, 5075.59],[35863.6, 5068.8],[35862, 5068],[35852, 5064],[35847, 5062],[35837, 5058],[35830.61, 5054.58],[35824, 5050],[35815.51, 5046.48],[35809, 5043],[35802.03, 5040.91],[35795, 5038],[35792.88, 5037.35],[35769, 5027],[35759.91, 5024.27],[35752, 5021],[35739, 5017],[35736.22, 5016.46],[35703.16, 5006.47],[35700, 5005],[35688, 5001],[35684.91, 5000.3],[35671.78, 4995.49],[35670, 4994],[35642, 4979],[35635.57, 4977.07],[35604, 4965],[35602.79, 4964.64],[35594, 4961],[35581.1, 4957.03],[35578, 4955],[35553, 4942],[35536.73, 4935.27],[35534, 4934],[35533.11, 4933.77],[35524, 4930],[35509.33, 4927.63],[35503, 4926],[35484.53, 4923.16],[35484, 4923],[35482.65, 4922.87],[35477, 4922],[35467, 4921.35],[35453, 4920],[35430, 4920],[35420, 4921],[35410.94, 4922.81],[35409, 4923],[35407, 4923.6],[35400, 4925],[35391, 4928],[35381, 4931],[35372, 4935],[35354, 4945],[35352.17, 4946.38],[35351, 4947],[35348, 4949.5],[35338, 4957],[35331, 4963],[35327, 4967],[35323, 4971],[35317, 4978],[35309.5, 4988],[35307, 4991],[35306.38, 4992.17],[35305, 4994],[35295, 5012],[35291, 5021],[35288, 5031],[35285, 5040],[35283.6, 5047],[35283, 5049],[35282.81, 5050.94],[35281, 5060],[35280, 5070]]]},"properties":{"objectType":"annotation","classification":{"name":"Tissue","color":[83, 47, 31]}}},{"type":"Feature","id":"a03b0136-c398-4ea0-b007-9366948fbb04","geometry":{"type":"Polygon","coordinates":[[[20503, 32762],[20503, 32778],[20503.57, 32783.59],[20504, 32800],[20508, 32838],[20510.95, 32856.22],[20515, 32896],[20520.42, 32914],[21691.58, 32914],[21697, 32896],[21701.05, 32856.22],[21704, 32838],[21708, 32800],[21708.43, 32783.59],[21709, 32778],[21709, 32762],[21708, 32724],[21704, 32686],[21698, 32649],[21697.07, 32644.71],[21697, 32644],[21696.71, 32643.04],[21690, 32612],[21679, 32576],[21666, 32540],[21665.02, 32537.71],[21663, 32531],[21658.8, 32523.2],[21651, 32505],[21634, 32472],[21615, 32439],[21607.5, 32427.93],[21607, 32427],[21606.28, 32426.12],[21594, 32408],[21570, 32378],[21545, 32349],[21532, 32336],[21519, 32323],[21490, 32298],[21460, 32274],[21441.88, 32261.72],[21441, 32261],[21440.07, 32260.5],[21429, 32253],[21396, 32234],[21363, 32217],[21344.8, 32209.2],[21337, 32205],[21330.29, 32202.98],[21328, 32202],[21292, 32189],[21256, 32178],[21224.96, 32171.29],[21224, 32171],[21223.29, 32170.93],[21219, 32170],[21182, 32164],[21144, 32160],[21106, 32159],[21068, 32160],[21030, 32164],[20993, 32170],[20988.71, 32170.93],[20988, 32171],[20987.04, 32171.29],[20956, 32178],[20920, 32189],[20884, 32202],[20881.71, 32202.98],[20875, 32205],[20867.2, 32209.2],[20849, 32217],[20816, 32234],[20783, 32253],[20771.93, 32260.5],[20771, 32261],[20770.12, 32261.72],[20752, 32274],[20722, 32298],[20693, 32323],[20680, 32336],[20667, 32349],[20642, 32378],[20618, 32408],[20605.72, 32426.12],[20605, 32427],[20604.5, 32427.93],[20597, 32439],[20578, 32472],[20561, 32505],[20553.2, 32523.2],[20549, 32531],[20546.98, 32537.71],[20546, 32540],[20533, 32576],[20522, 32612],[20515.29, 32643.04],[20515, 32644],[20514.93, 32644.71],[20514, 32649],[20508, 32686],[20504, 32724],[20503, 32762]]]},"properties":{"objectType":"annotation","classification":{"name":"Ignore*","color":[180, 180, 180]}}},{"type":"Feature","id":"1786956e-574b-48e6-b96d-5a0867d11640","geometry":{"type":"Polygon","coordinates":[[[20035, 23073],[20035, 23079],[20035, 23085],[20037, 23097],[20038, 23102],[20040.33, 23109],[20042, 23115],[20043.38, 23117.46],[20044, 23119],[20048, 23125.67],[20051, 23131],[20052.1, 23132.5],[20053, 23134],[20055.4, 23137],[20062, 23146],[20071, 23152.6],[20074, 23155],[20075.5, 23155.9],[20077, 23157],[20082.33, 23160],[20089, 23164],[20090.54, 23164.62],[20093, 23166],[20099, 23167.67],[20106, 23170],[20111, 23171],[20123, 23173],[20135, 23173],[20143, 23171.67],[20149, 23171],[20167, 23166],[20183, 23157],[20185, 23156],[20197, 23150],[20212, 23139],[20212.19, 23138.79],[20216, 23136],[20220.56, 23129.78],[20225, 23125],[20226.29, 23122.71],[20228, 23121],[20233, 23116],[20238, 23111],[20243, 23106],[20246, 23103],[20251, 23098],[20256, 23093],[20264.8, 23081],[20268, 23077],[20271.5, 23070],[20273, 23067.33],[20275, 23064],[20275.33, 23063.33],[20278, 23060],[20281.5, 23053],[20283, 23050.33],[20285, 23047],[20286, 23045],[20289, 23039],[20293, 23031],[20293.22, 23029.99],[20294, 23029],[20299, 23021],[20303.36, 23011.73],[20305, 23009],[20311, 22997],[20313, 22993],[20313.14, 22992.38],[20314, 22991],[20314.12, 22990.75],[20316.06, 22988.1],[20318, 22986],[20320.3, 22982.31],[20322, 22980],[20324.25, 22976],[20328, 22970],[20330, 22966],[20333, 22961],[20335.29, 22956.43],[20337.25, 22953.75],[20341, 22950],[20341.74, 22948.99],[20343, 22948],[20343.36, 22947.55],[20344, 22947],[20356, 22932],[20357, 22930],[20357.01, 22929.99],[20358.04, 22928.71],[20359, 22928],[20363.4, 22922.01],[20365, 22920],[20367, 22917.09],[20370, 22913],[20370.84, 22911.5],[20371.48, 22910.57],[20379, 22901],[20384, 22893],[20392, 22876],[20392.56, 22874.11],[20399, 22858],[20399.62, 22856.46],[20401, 22854],[20401.94, 22850.62],[20404, 22848],[20408.48, 22838.48],[20411, 22834],[20411.59, 22831.86],[20412, 22831],[20413.63, 22826.67],[20414, 22826],[20414.36, 22824.71],[20415, 22823],[20416.04, 22819.27],[20419, 22814],[20423.15, 22799.07],[20426, 22794],[20427.25, 22789.5],[20431, 22782],[20431.24, 22780.91],[20431.24, 22780.9],[20434, 22776],[20439, 22764],[20441.85, 22754.29],[20441.98, 22754.03],[20442, 22754],[20442.02, 22753.94],[20443, 22752],[20450, 22735],[20450.5, 22732],[20452, 22727],[20452.76, 22723.59],[20453, 22723],[20454, 22720],[20454.84, 22718.22],[20455, 22718],[20455.9, 22716.5],[20457, 22715],[20459.25, 22711],[20463, 22705],[20464.02, 22702.51],[20466, 22699],[20467.1, 22695.05],[20470, 22688],[20470.06, 22687.78],[20475, 22679],[20476, 22676],[20481, 22661],[20482.71, 22653.57],[20486, 22647],[20486.91, 22642.91],[20488, 22640],[20488.63, 22637.75],[20492, 22631],[20494, 22627],[20498, 22609],[20499.37, 22605.68],[20502, 22601],[20503.46, 22595.73],[20505, 22592],[20506.24, 22586.41],[20513, 22570],[20513.5, 22567],[20515, 22562],[20517.8, 22549.4],[20519, 22547],[20521.34, 22542.84],[20522, 22542],[20522.96, 22539.96],[20528, 22531],[20530, 22525],[20534, 22513],[20534.44, 22509],[20535, 22507],[20536.76, 22496.42],[20540, 22488],[20542.5, 22479],[20544, 22476],[20545.1, 22471.03],[20545.11, 22471],[20546.5, 22466.01],[20547, 22465],[20549, 22461],[20550.39, 22454.76],[20557, 22443],[20559.26, 22434.88],[20562, 22430],[20563.71, 22423.85],[20567, 22418],[20567.79, 22415.16],[20567.79, 22415.15],[20569, 22413],[20571.2, 22405.07],[20571.46, 22404.51],[20574, 22400],[20574.42, 22398.48],[20582, 22385],[20584.26, 22376.88],[20587, 22372],[20587.8, 22369.14],[20589, 22367],[20589.37, 22365.68],[20595, 22358],[20604, 22342],[20605.13, 22337.91],[20608, 22334],[20611, 22329],[20612, 22327],[20614, 22324],[20615.2, 22320.6],[20616.27, 22318.45],[20621, 22312],[20622.15, 22310.08],[20623, 22309],[20628, 22301],[20629.6, 22297.6],[20632, 22294],[20634.12, 22288],[20636, 22284],[20637.06, 22280.37],[20638.79, 22278.02],[20642, 22274],[20645.5, 22267],[20650, 22259],[20650.8, 22256.14],[20652, 22254],[20655.6, 22241.05],[20659, 22235],[20659.43, 22233.71],[20663, 22228],[20665.4, 22222.9],[20666, 22222],[20667.24, 22219],[20671, 22211],[20672.18, 22207],[20673, 22205],[20673.34, 22203.84],[20677.27, 22196.85],[20678, 22196],[20680, 22192],[20681.53, 22188.95],[20686, 22181],[20686.86, 22178.43],[20689, 22175],[20691, 22171],[20694, 22166],[20700, 22154],[20702, 22150],[20702.24, 22148.91],[20702.24, 22148.9],[20705, 22144],[20706.83, 22137.41],[20711, 22130],[20713, 22124],[20714.63, 22119.67],[20715, 22119],[20715.36, 22117.71],[20716, 22116],[20716.29, 22114.97],[20719, 22109],[20720, 22106],[20725, 22091],[20725.75, 22084.25],[20726.5, 22080.5],[20727, 22079],[20728.04, 22074.48],[20730, 22071],[20731.04, 22067.26],[20734, 22062],[20735, 22059],[20737, 22055],[20741.53, 22044],[20742, 22043],[20742.07, 22042.69],[20744, 22038],[20746.5, 22023],[20747, 22022],[20748, 22020],[20757, 22004],[20762, 21986],[20767, 21968],[20767.27, 21967.18],[20768, 21966],[20770.5, 21961],[20775, 21953],[20775.63, 21950.75],[20776, 21950],[20781, 21932],[20781.27, 21926.82],[20782.47, 21922.5],[20782.47, 21922.49],[20785, 21918],[20785.63, 21915.75],[20788, 21911],[20790, 21907],[20791.21, 21901.58],[20791.57, 21900.54],[20793, 21898],[20793.61, 21895.81],[20793.61, 21895.8],[20794.97, 21893.38],[20797, 21890],[20798, 21888],[20803, 21878],[20805, 21874],[20807, 21865],[20810, 21859],[20810.48, 21856.86],[20812.52, 21851.97],[20814, 21849],[20814.04, 21848.93],[20823, 21833],[20825.87, 21822.68],[20826.26, 21821.98],[20830, 21816],[20833, 21810],[20835, 21806],[20836.02, 21803.51],[20838, 21800],[20839.1, 21796.05],[20842, 21789],[20843.97, 21777.16],[20848, 21770],[20848.61, 21767.81],[20848.61, 21767.8],[20853, 21760],[20854.89, 21753.2],[20855, 21753],[20857.87, 21742.68],[20865, 21730],[20867.5, 21721],[20868.77, 21717.62],[20869.14, 21716.83],[20873, 21712],[20880, 21698],[20881, 21696],[20882.8, 21691.32],[20883, 21691],[20887.48, 21681.48],[20890, 21677],[20890.59, 21674.86],[20891, 21674],[20894.29, 21662.82],[20897, 21658],[20898, 21655],[20901, 21646],[20903, 21642],[20905, 21638],[20906.2, 21632.59],[20908.47, 21628.06],[20913, 21620],[20913.61, 21617.81],[20913.61, 21617.8],[20918, 21610],[20921.54, 21597.27],[20927, 21584],[20927.5, 21581],[20929, 21576],[20929.7, 21572.85],[20930, 21572],[20932, 21564],[20932.58, 21560.5],[20933, 21559],[20933.22, 21557.01],[20934.34, 21552.96],[20936, 21548],[20937.63, 21533.33],[20938, 21532],[20938.3, 21529.33],[20942, 21516],[20942.1, 21514.25],[20943, 21511],[20943.78, 21504],[20945.44, 21497.99],[20945.45, 21497.97],[20946, 21497],[20951, 21479],[20952.45, 21466],[20953, 21464],[20953.92, 21455.7],[20953.92, 21455.67],[20958, 21441],[20960, 21423],[20960, 21421],[20960, 21418],[20960, 21416],[20960, 21413],[20960, 21406],[20960, 21403],[20960, 21398],[20960, 21393.5],[20961, 21389],[20963, 21380],[20963, 21379],[20965, 21361],[20965, 21358],[20965, 21355],[20965, 21350],[20965, 21345],[20965, 21338],[20965, 21335],[20965, 21328],[20965, 21325],[20965, 21323],[20965, 21315],[20963, 21297],[20958, 21279],[20949, 21263],[20938, 21248],[20923, 21237],[20907, 21228],[20889, 21223],[20871, 21221],[20853, 21223],[20835, 21228],[20819, 21237],[20804, 21248],[20793, 21263],[20784, 21279],[20779, 21297],[20777, 21315],[20777, 21323],[20777, 21325],[20777, 21328],[20777, 21335],[20777, 21338],[20777, 21345],[20777, 21350],[20777, 21350.66],[20776, 21354],[20774, 21363],[20772, 21372],[20772, 21381],[20772, 21383],[20772, 21386],[20772, 21391],[20772, 21393],[20772, 21398],[20772, 21403],[20772, 21406],[20772, 21406.6],[20768, 21421],[20767.47, 21430.5],[20767.11, 21431.8],[20767, 21432],[20764.44, 21441.22],[20764, 21442],[20759, 21460],[20757, 21478],[20756.7, 21480.67],[20753, 21494],[20752.97, 21494.5],[20752, 21498],[20750.33, 21513.01],[20749, 21517],[20748.26, 21523.65],[20748, 21524],[20739, 21540],[20738.39, 21542.2],[20734, 21550],[20730.82, 21561.45],[20730.38, 21562.54],[20729, 21565],[20726.5, 21574],[20724, 21579],[20723.67, 21580.47],[20720, 21587],[20716, 21599],[20714, 21605],[20713.88, 21606.07],[20713.6, 21607.01],[20707, 21616],[20703.16, 21624.16],[20701, 21628],[20700.49, 21629.83],[20699, 21633],[20693.11, 21649.84],[20693, 21650],[20691.2, 21653.2],[20688, 21658],[20686.63, 21661.32],[20684, 21666],[20682.54, 21671.27],[20681, 21675],[20678, 21685],[20677.67, 21686.47],[20674, 21693],[20673.39, 21695.2],[20669, 21703],[20664, 21721],[20663.7, 21723.68],[20663.13, 21725.74],[20660, 21730],[20651, 21746],[20646, 21764],[20641, 21774],[20639, 21778],[20638.62, 21779.71],[20636, 21786],[20633, 21792],[20629, 21800],[20627.5, 21806.76],[20624, 21812],[20622.42, 21816.47],[20621, 21819],[20620.39, 21821.2],[20616, 21829],[20614.11, 21835.8],[20614, 21836],[20613.57, 21837.54],[20606, 21851],[20601, 21869],[20600.48, 21873.67],[20599, 21879],[20598.7, 21881.67],[20597.5, 21886],[20597.47, 21886.06],[20593, 21894],[20592.39, 21896.19],[20588, 21904],[20583, 21922],[20582.63, 21925.34],[20582.63, 21925.35],[20579.67, 21936],[20579, 21938],[20578, 21940],[20574, 21948],[20572.35, 21952],[20570, 21957],[20567, 21965],[20566.41, 21967.14],[20566, 21968],[20565.33, 21971],[20562.49, 21981.25],[20557, 21991],[20556, 21994],[20552, 22006],[20551, 22009],[20548.75, 22015.75],[20547, 22020],[20546.67, 22022],[20546, 22024],[20543, 22037],[20542.59, 22040.7],[20542, 22042],[20541, 22045],[20539.72, 22048.83],[20534, 22059],[20533.45, 22060.64],[20531, 22065],[20529.29, 22071.15],[20526, 22077],[20523.5, 22086],[20521, 22091],[20520.5, 22092],[20518.86, 22094.91],[20516, 22099],[20511.61, 22106.8],[20510, 22109],[20508.2, 22112.2],[20505, 22117],[20503.63, 22120.32],[20501, 22125],[20499.54, 22130.27],[20498, 22134],[20496.43, 22139.32],[20494.96, 22142.45],[20491, 22148],[20482, 22164],[20481, 22167],[20477.14, 22178.58],[20476, 22180],[20473, 22186],[20472.5, 22187],[20468, 22195],[20467.09, 22198.26],[20466.33, 22200.17],[20465, 22203],[20462, 22211],[20461.42, 22211.97],[20459.44, 22214.44],[20458, 22216],[20448, 22231],[20446.14, 22236.26],[20439, 22246],[20436, 22251],[20430, 22263],[20428.7, 22265.59],[20424, 22272],[20415, 22288],[20413.29, 22294.15],[20410, 22300],[20409.27, 22302.63],[20409, 22303],[20406, 22308],[20400, 22320],[20398, 22324],[20395.55, 22335.03],[20395, 22336],[20394.4, 22338.14],[20394, 22339],[20392.84, 22342.95],[20390, 22348],[20389.39, 22350.2],[20385, 22358],[20381.72, 22369.8],[20381, 22371],[20380, 22373],[20377.5, 22378],[20373, 22386],[20369.25, 22399.5],[20368, 22402],[20366.89, 22407],[20365.5, 22412],[20365, 22413],[20363, 22417],[20360.05, 22430.26],[20359, 22433],[20354, 22451],[20353.94, 22452],[20352.74, 22456.34],[20347, 22467],[20344.1, 22474.05],[20343, 22476],[20342.39, 22478.2],[20340, 22484],[20338, 22488],[20334, 22506],[20333.83, 22509.28],[20333.45, 22512.09],[20333, 22513],[20331.98, 22515.49],[20330, 22519],[20328.91, 22522.94],[20326, 22530],[20325.45, 22533.28],[20324, 22536],[20322.63, 22539.32],[20320, 22544],[20318.54, 22549.27],[20317, 22553],[20315, 22562],[20314.2, 22565.59],[20313, 22568],[20311.4, 22575.2],[20307, 22584],[20305, 22588],[20303, 22596.98],[20300, 22606],[20298, 22610],[20293.66, 22620.55],[20293.65, 22620.57],[20289, 22628],[20288.64, 22628.76],[20287, 22631],[20282.88, 22641],[20281, 22645],[20280.41, 22647],[20280, 22648],[20275, 22663],[20274.3, 22666.15],[20274, 22667],[20272.93, 22670.73],[20272, 22673],[20271.25, 22675.5],[20270, 22678],[20269.66, 22678.83],[20269, 22680],[20267.94, 22683.01],[20263, 22695],[20262.89, 22695.65],[20260, 22700],[20258.42, 22704.47],[20257, 22707],[20255.75, 22711.5],[20253, 22717],[20252, 22719],[20250, 22723],[20247, 22729],[20245, 22733],[20242.92, 22742.37],[20242, 22744],[20238.2, 22757.68],[20238, 22758],[20235, 22764],[20230, 22774],[20228.98, 22776.49],[20227, 22780],[20225.9, 22783.96],[20223, 22791],[20222.79, 22792.26],[20215, 22802],[20211.5, 22809],[20209.86, 22811.92],[20206.5, 22816.5],[20197, 22826],[20188.75, 22837.25],[20187, 22839],[20178.2, 22851],[20175, 22855],[20171.5, 22862],[20167, 22870],[20166.22, 22872.79],[20160.2, 22881],[20157, 22885],[20154, 22891],[20149, 22899],[20144.52, 22908.52],[20142, 22913],[20139.5, 22919],[20136.5, 22925],[20134, 22929],[20133.16, 22930.78],[20133, 22931],[20130, 22936],[20126, 22944],[20122, 22952],[20121.76, 22953.06],[20120, 22956],[20119.15, 22957.7],[20116, 22962],[20112.14, 22968.86],[20112, 22969],[20109, 22972],[20104, 22977],[20099, 22982],[20095.5, 22985.5],[20088, 22991],[20085.87, 22993.3],[20074, 23002],[20072, 23004],[20069.5, 23006.5],[20062, 23012],[20055.4, 23021],[20053, 23024],[20052.1, 23025.5],[20051, 23027],[20048, 23032.33],[20044, 23039],[20043.38, 23040.54],[20042, 23043],[20040.33, 23049],[20038, 23056],[20037, 23061],[20035, 23073]]]},"properties":{"objectType":"annotation","classification":{"name":"Tissue","color":[83, 47, 31]}}},{"type":"Feature","id":"b4fab3a7-3672-4787-92c9-576393159f7b","geometry":{"type":"Polygon","coordinates":[[[14945, 25355],[14945, 25404],[14945.72, 25411.2],[14945, 25422],[14950.85, 25462.5],[14954, 25494],[14956.71, 25503.07],[14958, 25512],[14961.64, 25527.18],[14965, 25565],[14991, 25652],[14991.24, 25652.46],[14992, 25655],[15016.73, 25701],[15033, 25732],[15036.61, 25737.49],[15049, 25773],[15057.91, 25787.79],[15063, 25800],[15082.93, 25829.3],[15096, 25851],[15096.71, 25851.79],[15114.21, 25880.84],[15131.16, 25909.57],[15131.58, 25913.73],[15138, 25986],[15164, 26073],[15164.91, 26074.69],[15165, 26075],[15208, 26155],[15227.48, 26178.52],[15237.42, 26190.9],[15245, 26205],[15303, 26275],[15373, 26333],[15453, 26376],[15540, 26402],[15630, 26411],[15803, 26411],[15830.78, 26408.22],[15851, 26408],[15868.6, 26404.44],[15893, 26402],[15918.82, 26394.28],[15940, 26390],[15957.37, 26382.76],[15980, 26376],[16001.97, 26364.2],[16021.33, 26359.84],[16025, 26360],[16052.02, 26355.8],[16090, 26352],[16104.73, 26347.6],[16115, 26346],[16137.34, 26337.85],[16177, 26326],[16192.11, 26317.88],[16200, 26315],[16205.53, 26312.35],[16291.02, 26277.6],[16306, 26274],[16323.2, 26268],[16341, 26264],[16378, 26252],[16396.49, 26243.98],[16421, 26236],[16442.51, 26224.02],[16461, 26216],[16476.63, 26205.01],[16500, 26192],[16501.09, 26191.07],[16520, 26184],[16568.17, 26160.5],[16585, 26153],[16594.38, 26147.72],[16602, 26144],[16604.86, 26141.81],[16672, 26104],[16683.55, 26095.99],[16695.58, 26089.53],[16729, 26076],[16742.86, 26068.93],[16745, 26068],[16745.85, 26067.4],[16778, 26051],[16781.92, 26048.5],[16790, 26045],[16827.5, 26019.5],[16855, 26002],[16859.15, 25997.98],[16865, 25994],[16917.08, 25950.37],[16972, 25914],[17042, 25857],[17046.84, 25851.16],[17048.54, 25849.46],[17071.38, 25836.7],[17077, 25834],[17096.79, 25822.08],[17134.85, 25801.62],[17151, 25795],[17165.02, 25787.64],[17180, 25782],[17255, 25745],[17255.95, 25744.41],[17257, 25744],[17281, 25732],[17288.88, 25727.09],[17296, 25724],[17319.85, 25707.78],[17358, 25684],[17365.87, 25676.49],[17371, 25673],[17445, 25611],[17453, 25602.88],[17462, 25596],[17475, 25584],[17482.31, 25575.71],[17488, 25571],[17534.17, 25524.83],[17540, 25520],[17581.86, 25467.86],[17595, 25452],[17595.83, 25450.46],[17597, 25449],[17602.64, 25440.42],[17625, 25417],[17635.24, 25400.57],[17644, 25390],[17657.57, 25364.74],[17673, 25340],[17698, 25290],[17703.53, 25275.76],[17712, 25260],[17719.87, 25233.68],[17725.89, 25218.18],[17728, 25214],[17729.17, 25209.73],[17731, 25205],[17731.89, 25199.74],[17752, 25126],[17765, 25052],[17767.9, 25014.66],[17767.9, 25014.65],[17778, 24996],[17787.4, 24973.45],[17800, 24950],[17807.19, 24925.95],[17813, 24912],[17816.44, 24894.99],[17826, 24863],[17836.54, 24808.55],[17845, 24774],[17846.85, 24761.2],[17849, 24754],[17851.5, 24729],[17858, 24684],[17857.29, 24671.14],[17858, 24664],[17858, 24639],[17858, 24565],[17858, 24540],[17858, 24516],[17858, 24503],[17858, 24466],[17855.68, 24442.76],[17855, 24412],[17850.68, 24392.76],[17849, 24376],[17840.57, 24347.81],[17835, 24323],[17823, 24286],[17817.09, 24272.37],[17811, 24252],[17796.75, 24225.49],[17789.94, 24209.79],[17812, 24136],[17812.1, 24135.02],[17813, 24132],[17817.57, 24080.63],[17818, 24079],[17820.1, 24066.39],[17825, 24050],[17828.25, 24017.5],[17833, 23989],[17832.53, 23974.71],[17834, 23960],[17834, 23923],[17834, 23886],[17834, 23874],[17834, 23861],[17834, 23849],[17834, 23812],[17834, 23799],[17834, 23787],[17833.28, 23779.8],[17834, 23769],[17828.15, 23728.5],[17825, 23697],[17822.29, 23687.93],[17821, 23679],[17811.37, 23651.41],[17799, 23610],[17793.1, 23599.03],[17791, 23593],[17778.16, 23571.23],[17775.68, 23566.61],[17774, 23561],[17731, 23481],[17673, 23411],[17603, 23353],[17523, 23310],[17494.14, 23301.37],[17486, 23297],[17444.6, 23284.63],[17417, 23275],[17407.97, 23273.68],[17399, 23271],[17369.24, 23268.02],[17328, 23262],[17316.55, 23262.75],[17309, 23262],[17173, 23262],[17170.66, 23262.23],[17168, 23262],[17123, 23267],[17083, 23271],[17080.63, 23271.71],[17078, 23272],[17050.15, 23277.84],[17034.93, 23280.21],[16997, 23284],[16982.27, 23288.4],[16972, 23290],[16949.66, 23298.15],[16910, 23310],[16894.89, 23318.12],[16887, 23321],[16862, 23333],[16851.5, 23338.04],[16804.86, 23356.85],[16801, 23358],[16692.77, 23402],[16656, 23411],[16637.62, 23417.41],[16621, 23421],[16509, 23458],[16492.42, 23465.39],[16477, 23470],[16452.3, 23483.27],[16426, 23495],[16411.4, 23505.26],[16397, 23513],[16378.1, 23528.66],[16352, 23547],[16342.22, 23557.24],[16248.48, 23608.22],[16209.79, 23627.17],[16189.13, 23635.5],[16166, 23643],[16150.52, 23649.72],[16122, 23659],[16099.3, 23671.93],[16083, 23679],[16066.35, 23690.7],[16043, 23704],[15933.55, 23780.79],[15870, 23817],[15858.65, 23824.98],[15840, 23835],[15803, 23860],[15766, 23885],[15750.58, 23897.78],[15732, 23910],[15612.23, 24007.75],[15559, 24043],[15531.44, 24065.44],[15505, 24085],[15498.06, 24092.62],[15489, 24100],[15465.29, 24128.62],[15444, 24152],[15405.82, 24203.08],[15392, 24214],[15371.69, 24233.69],[15352, 24250],[15345, 24257],[15327, 24275],[15310.69, 24294.69],[15284, 24324],[15277.6, 24334.62],[15269, 24345],[15249.62, 24381.06],[15248.09, 24383.61],[15189, 24477],[15186.76, 24481.48],[15175, 24494],[15166.23, 24508.06],[15158, 24518],[15145.24, 24541.74],[15127, 24571],[15103, 24620],[15101.48, 24624.05],[15097.1, 24632.8],[15094, 24636],[15084.55, 24650.85],[15072, 24666],[15056.18, 24695.43],[15045, 24713],[15020, 24762],[15014.7, 24775.09],[15004, 24795],[14996.54, 24819.95],[14986, 24846],[14981.84, 24869.17],[14978, 24882],[14976.08, 24901.15],[14970, 24935],[14970.37, 24951.57],[14963, 24997],[14960.2, 25039],[14957, 25071],[14957, 25087],[14957, 25096],[14957, 25145],[14957, 25195],[14957, 25224.75],[14948, 25299],[14947.27, 25332.32],[14945, 25355]]]},"properties":{"objectType":"annotation","classification":{"name":"Tissue","color":[83, 47, 31]}}},{"type":"Feature","id":"30c38963-eb8a-47e2-a185-9c2e495646f2","geometry":{"type":"Polygon","coordinates":[[[8994, 19232],[8994.42, 19236.5],[8994, 19244],[8997.02, 19264],[8999, 19285],[9001.44, 19293.3],[9002, 19297],[9005.92, 19308.54],[9014, 19336],[9017.27, 19341.91],[9019, 19347],[9037.86, 19379.14],[9040, 19383],[9040.52, 19383.66],[9046, 19393],[9060.63, 19409.25],[9073, 19425],[9079.15, 19429.83],[9082, 19433],[9104.36, 19449.64],[9115, 19458],[9117.31, 19459.28],[9125, 19465],[9144.83, 19474.5],[9162, 19484],[9168.87, 19486.02],[9173, 19488],[9190.33, 19492.33],[9213, 19499],[9219.42, 19499.61],[9225, 19501],[9248, 19502.3],[9266, 19504],[9270.5, 19503.58],[9278, 19504],[9298, 19500.98],[9319, 19499],[9327.3, 19496.56],[9331, 19496],[9342.54, 19492.08],[9370, 19484],[9375.91, 19480.73],[9381, 19479],[9386, 19476.67],[9388, 19476],[9393.25, 19473.75],[9406, 19470],[9419.76, 19462.39],[9437, 19455],[9449.81, 19445.76],[9453, 19444],[9456.71, 19441.09],[9457, 19441],[9503.09, 19415.5],[9503.1, 19415.5],[9515, 19412],[9530.89, 19403.21],[9552, 19397],[9556.33, 19394.6],[9556.34, 19394.6],[9577.75, 19390.97],[9588, 19390],[9594.23, 19388.17],[9595.22, 19388],[9607, 19388],[9611.5, 19387.58],[9619, 19388],[9639, 19384.98],[9660, 19383],[9668.3, 19380.56],[9672, 19380],[9673.31, 19379.56],[9711, 19376],[9762, 19361],[9813, 19346],[9834.12, 19334.32],[9842, 19332],[9850.89, 19327.08],[9859, 19324],[9866.94, 19319.06],[9875, 19316],[9889, 19309],[9896.24, 19304.33],[9899.12, 19302.74],[9903, 19301],[9905.41, 19299.26],[9933, 19284],[9975, 19251],[9982, 19244],[10015, 19202],[10041, 19155],[10043.66, 19145.97],[10063, 19111],[10069.71, 19088.17],[10069.72, 19088.15],[10077, 19075],[10090.49, 19029.14],[10091, 19028],[10091.63, 19025.24],[10091.64, 19025.22],[10092, 19024],[10092.05, 19023.43],[10092.06, 19023.4],[10093.57, 19016.86],[10100, 18995],[10100.96, 18984.83],[10103, 18976],[10103.07, 18974.17],[10114, 18937],[10119, 18884],[10119, 18869],[10119, 18862],[10119, 18855],[10119, 18833],[10119, 18825],[10119, 18818],[10119, 18796],[10119, 18782],[10119, 18746],[10119, 18724],[10119, 18709],[10119, 18680],[10119, 18673],[10119, 18658],[10118.49, 18652.57],[10119, 18639],[10114.97, 18615.25],[10114, 18605],[10112.17, 18598.77],[10112, 18597.78],[10112, 18586],[10112, 18542],[10112, 18531],[10112, 18528],[10110.97, 18517.03],[10109.48, 18496.96],[10116, 18483],[10122.58, 18463.65],[10128, 18451],[10142, 18407],[10143.03, 18402.44],[10147, 18392],[10152.56, 18370.51],[10164, 18349],[10166.02, 18342.13],[10168, 18338],[10171.53, 18328.29],[10174, 18323],[10175.73, 18317.91],[10179, 18312],[10187.08, 18284.54],[10191, 18273],[10191.56, 18269.3],[10194, 18261],[10194.74, 18258.97],[10201, 18246],[10203.45, 18239.56],[10208, 18231],[10212.45, 18215.86],[10220, 18196],[10221.87, 18183.84],[10222.43, 18181.94],[10223, 18181],[10224.29, 18178.32],[10229, 18170],[10230.28, 18165.92],[10237, 18152],[10238.63, 18147.7],[10244, 18138],[10248.73, 18121.91],[10252, 18116],[10255.75, 18103.27],[10261, 18091],[10263.95, 18075.38],[10267, 18065],[10268.09, 18053.4],[10271, 18038],[10271, 18022.6],[10272, 18012],[10272, 18005],[10272, 17998],[10272, 17990],[10272, 17983],[10272, 17976],[10272, 17969],[10272, 17961],[10267, 17908],[10252, 17857],[10226, 17810],[10193, 17768],[10151, 17735],[10104, 17709],[10053, 17694],[10000, 17689],[9947, 17694],[9896, 17709],[9849, 17735],[9807, 17768],[9775.86, 17807.63],[9768.51, 17806.77],[9764, 17806],[9762.49, 17806.06],[9762, 17806],[9728, 17806],[9711, 17808],[9677, 17814],[9661, 17819],[9645, 17825],[9629, 17832],[9614, 17839],[9599, 17848],[9571, 17868],[9568.48, 17870.31],[9566, 17872],[9562.5, 17875.79],[9559, 17879],[9546, 17892],[9535, 17904],[9530, 17911],[9515, 17932],[9506, 17947],[9503.9, 17951.5],[9501, 17956],[9496.87, 17966.87],[9492, 17978],[9486, 17994],[9483.41, 18002.3],[9482, 18006],[9481.7, 18007.75],[9481, 18010],[9475, 18044],[9473.77, 18054.49],[9473, 18059],[9473.06, 18060.51],[9473, 18061],[9473, 18095],[9475, 18112],[9481, 18146],[9485.32, 18159.84],[9486, 18167],[9491.25, 18184.84],[9494, 18197],[9498.09, 18209.87],[9499.14, 18215.93],[9500, 18225],[9501.73, 18230.88],[9504, 18244],[9512, 18273],[9514.69, 18279.73],[9515, 18283],[9515.99, 18286.38],[9517, 18294],[9524, 18323],[9529.95, 18339.52],[9530, 18340],[9538, 18376],[9540, 18382],[9540.87, 18384.62],[9541, 18388],[9543.2, 18397.54],[9544, 18406],[9546, 18412.79],[9546, 18413.36],[9535.74, 18440.42],[9535, 18442],[9528.42, 18461.35],[9523, 18474],[9521.76, 18477.9],[9515.29, 18493],[9509, 18507],[9508.67, 18508.44],[9508, 18510],[9501.55, 18530.27],[9496, 18541],[9489.28, 18557.46],[9487.82, 18559.86],[9483, 18566],[9475.57, 18579.43],[9473, 18582],[9455.81, 18603.88],[9444, 18617],[9431.69, 18634.23],[9431, 18635],[9430.34, 18636.12],[9429, 18638],[9422.8, 18648.97],[9422.6, 18649.31],[9408, 18666],[9404.65, 18671.71],[9402, 18675],[9390.4, 18692.6],[9378, 18705],[9371, 18712],[9358.63, 18727.75],[9344, 18744],[9338.51, 18753.35],[9338, 18754],[9336.76, 18756.24],[9331, 18762],[9317.08, 18779.01],[9306, 18787],[9298.3, 18795.12],[9290, 18802],[9279.71, 18814.71],[9269, 18826],[9262.86, 18835.52],[9256, 18844],[9252.87, 18849.89],[9234.39, 18870.9],[9233, 18872],[9218, 18887],[9204, 18901],[9191.64, 18916.73],[9185.34, 18923.73],[9185, 18924],[9176.52, 18932.04],[9156, 18950],[9135, 18972],[9133.02, 18974.52],[9126, 18981],[9115.29, 18996.71],[9109, 19003],[9102, 19010],[9097.6, 19015.6],[9096, 19017],[9087.5, 19026.1],[9080, 19032],[9073, 19039],[9068.17, 19045.15],[9065, 19048],[9048.36, 19070.36],[9040, 19081],[9038.72, 19083.31],[9033, 19091],[9023.5, 19110.83],[9014, 19128],[9011.98, 19134.87],[9010, 19139],[9005.67, 19156.33],[8999, 19179],[8998.39, 19185.42],[8997, 19191],[8995.7, 19214],[8994, 19232]]]},"properties":{"objectType":"annotation","classification":{"name":"Tissue","color":[83, 47, 31]}}},{"type":"Feature","id":"c5fad058-e519-4b02-a91e-8c8fbb1e85cf","geometry":{"type":"Polygon","coordinates":[[[19474, 12767],[19474, 12783],[19474, 12815],[19474, 12831],[19474, 12847],[19474, 12880],[19474, 12896],[19474, 12912],[19486, 13030],[19520, 13143],[19534.44, 13169.82],[19536, 13175],[19550.44, 13201.82],[19552, 13207],[19608, 13311],[19651, 13363.75],[19651, 13379],[19651, 13493.25],[19639, 13602],[19638.75, 13631.09],[19635, 13668],[19635, 13701],[19635, 13707],[19631, 13727],[19619, 13844],[19619.05, 13844.5],[19619, 13845],[19619, 13908.31],[19608, 13997],[19607.16, 14030.11],[19603, 14071],[19603, 14087],[19603, 14119],[19603, 14167],[19603, 14216],[19603, 14280],[19603, 14296],[19603, 14344],[19603, 14377],[19607.1, 14417.32],[19608, 14453],[19612.96, 14474.94],[19615, 14495],[19625.04, 14528.37],[19634, 14568],[19644.66, 14599.98],[19647, 14623],[19681, 14736],[19737, 14840],[19812, 14932],[19904, 15007],[20008, 15063],[20121, 15097],[20239, 15109],[20303, 15109],[20327.33, 15106.53],[20346, 15107],[20379.55, 15101.21],[20421, 15097],[20443.81, 15090.14],[20462, 15087],[20492.15, 15075.59],[20523.96, 15066.02],[20534, 15065],[20647, 15031],[20751, 14975],[20799, 14943],[20825.29, 14921.33],[20860, 14897],[20877.99, 14877.89],[20890, 14868],[20903.06, 14852.37],[20914, 14845],[20945.6, 14818.6],[21004, 14771],[21084, 14691],[21107.73, 14661.89],[21134, 14634],[21146.02, 14614.93],[21159, 14599],[21176.35, 14566.77],[21197, 14534],[21207.48, 14513.05],[21216, 14504],[21228.64, 14483.93],[21240, 14470],[21255.18, 14441.82],[21279, 14404],[21352.65, 14255.8],[21376, 14231],[21388.01, 14211.94],[21401, 14196],[21418.35, 14163.77],[21439, 14131],[21442, 14125],[21481, 14060],[21501.2, 14016.77],[21521, 13980],[21525.73, 13964.27],[21531, 13953],[21539.87, 13917.82],[21553, 13888],[21566.91, 13845.41],[21568, 13843],[21579.17, 13809.5],[21601.09, 13755.69],[21602, 13754],[21602.63, 13751.91],[21603, 13751],[21614, 13714.12],[21636, 13641],[21636.1, 13640.02],[21637, 13637],[21641.68, 13586.85],[21642, 13586],[21645.54, 13565.47],[21652, 13544],[21667.42, 13465.91],[21668, 13464],[21680, 13346],[21680, 13345],[21680, 13266],[21680, 13234],[21680, 13202],[21680, 13153],[21680, 13089],[21680, 13057],[21680, 13041],[21680, 13009],[21680, 13008],[21668, 12890],[21634, 12777],[21605.12, 12723.36],[21602, 12713],[21598.05, 12705.67],[21595, 12694],[21581.35, 12657.04],[21569, 12616],[21560.05, 12599.38],[21554, 12583],[21531.45, 12546.27],[21513, 12512],[21502.54, 12499.17],[21492, 12482],[21477.22, 12466.12],[21477.21, 12466.11],[21433, 12384],[21394.7, 12337.01],[21385, 12319],[21372.02, 12303.08],[21360, 12284],[21333.73, 12256.11],[21310, 12227],[21294.12, 12214.06],[21279, 12198],[21246.35, 12175.11],[21218, 12152],[21204.98, 12144.99],[21188, 12129],[21168.93, 12116.98],[21153, 12104],[21127.25, 12090.14],[21105, 12072],[21001, 12016],[20995.82, 12014.44],[20969, 12000],[20856, 11966],[20741.47, 11954.35],[20727, 11950],[20685.53, 11945.78],[20659.81, 11941.35],[20654.8, 11939.2],[20647, 11935],[20640.29, 11932.98],[20638, 11932],[20603, 11919],[20566, 11908],[20534.96, 11901.29],[20534, 11901],[20533.29, 11900.93],[20529, 11900],[20492, 11894],[20454, 11891],[20416, 11889],[20400, 11889],[20382.84, 11890.75],[20378, 11891],[20340, 11894],[20329.19, 11895.75],[20296, 11898],[20287.2, 11900.47],[20282, 11901],[20235.93, 11914.86],[20182, 11930],[20176.53, 11932.73],[20169, 11935],[20142.11, 11949.48],[20137, 11950],[20116.57, 11956.15],[20099, 11959],[20063.46, 11972.13],[20024, 11984],[20008.02, 11992.61],[19988, 12000],[19975.17, 12006.32],[19975.15, 12006.33],[19943, 12016],[19839, 12072],[19747, 12147],[19715, 12179],[19699, 12195],[19624, 12287],[19610.13, 12312.76],[19592, 12335],[19536, 12439],[19502, 12552],[19496.42, 12606.9],[19496, 12608],[19492.86, 12626.19],[19486, 12649],[19481.79, 12690.45],[19476, 12724],[19476.47, 12742.7],[19474, 12767]]]},"properties":{"objectType":"annotation","classification":{"name":"Ignore*","color":[180, 180, 180]}}},{"type":"Feature","id":"2a79ef4e-4d56-4cb8-9d7f-75c835bfd6c3","geometry":{"type":"Polygon","coordinates":[[[12439, 7349],[12446, 7389],[12460, 7427],[12463, 7433],[12465.37, 7439.42],[12468, 7449],[12472.52, 7458.83],[12477, 7471],[12481.12, 7477.55],[12485, 7486],[12520.06, 7544.17],[12524, 7555],[12525.63, 7558.55],[12527, 7563],[12543, 7602],[12545.79, 7607.28],[12549, 7616],[12571, 7660],[12574, 7668],[12574.22, 7668.42],[12589, 7710],[12595, 7722.33],[12600, 7735],[12621.85, 7777.75],[12662, 7869],[12667.16, 7878.28],[12673, 7891],[12689.37, 7918.75],[12693, 7928],[12696.04, 7934.24],[12700, 7945],[12739, 8023],[12750, 8045],[12755.37, 8053.54],[12763, 8068],[12779.46, 8092.69],[12782, 8098],[12783.23, 8100.05],[12784, 8102],[12821.45, 8176.06],[12825.35, 8185.33],[12829, 8196],[12839.55, 8220.21],[12840, 8222],[12846, 8239],[12855.53, 8259.74],[12858, 8266],[12861.3, 8272.3],[12863, 8276],[12863.77, 8277.02],[12900.4, 8346.94],[12902, 8351],[12916.88, 8373],[12924, 8384],[12925, 8385],[12937.34, 8400.14],[12948.87, 8419.7],[12949, 8420],[12977, 8471],[12984, 8485],[12984.64, 8486.02],[12986, 8490],[13008.41, 8538.71],[13010, 8555],[13022, 8594],[13041, 8630],[13067, 8662],[13099, 8688],[13135, 8707],[13174, 8719],[13215, 8723],[13256, 8719],[13295, 8707],[13331, 8688],[13363, 8662],[13389, 8630],[13408, 8594],[13420, 8555],[13421.87, 8535.87],[13422, 8535],[13422.17, 8532.72],[13422.18, 8532.64],[13424, 8514],[13424, 8509],[13424, 8503],[13424, 8492],[13423.71, 8489],[13424, 8485],[13421.95, 8471],[13420, 8451],[13418.14, 8444.95],[13418, 8444],[13416.47, 8439.53],[13415.11, 8435.1],[13415, 8434],[13410.26, 8418.58],[13409, 8413],[13407.29, 8408.93],[13403, 8395],[13395.19, 8380.21],[13393, 8375],[13390.82, 8371],[13390.38, 8370.03],[13389, 8366],[13366, 8316],[13363.94, 8312.47],[13361, 8306],[13359.75, 8303.75],[13358, 8299],[13347, 8277],[13345.09, 8273.96],[13343, 8269],[13315, 8218],[13312.94, 8215.04],[13312, 8213],[13294.57, 8183.45],[13294, 8182],[13291.8, 8178.75],[13289, 8174],[13283.11, 8165.89],[13271, 8148],[13262.07, 8137.04],[13235.57, 8086.46],[13234, 8082],[13227.5, 8067.85],[13216.14, 8041.78],[13216, 8041],[13215.41, 8039.5],[13214, 8035],[13208.11, 8021],[13201, 8003],[13198.17, 7997.4],[13198, 7997],[13197.87, 7996.8],[13157.6, 7917.17],[13152.4, 7906.28],[13152, 7905],[13149.67, 7900.59],[13147, 7895],[13144.69, 7891.15],[13133, 7869],[13117, 7845],[13113, 7837],[13075.5, 7762],[13073.44, 7756.75],[13073, 7755],[13071.28, 7751.25],[13070, 7748],[13066.11, 7740],[13056, 7718],[13052.6, 7712.24],[13052, 7711],[13051.53, 7710.42],[13038.2, 7687.81],[13000, 7601],[12997.73, 7596.91],[12995, 7590],[12978.94, 7558.57],[12967, 7525],[12966.51, 7524],[12966, 7522],[12960, 7506],[12954.23, 7494.75],[12951, 7486],[12924.43, 7432.86],[12913.8, 7406.95],[12904, 7380],[12887, 7343],[12854.78, 7289.54],[12845, 7263],[12834, 7241],[12812, 7206],[12784, 7176],[12750, 7153],[12713, 7136],[12673, 7127],[12632, 7126],[12592, 7133],[12554, 7147],[12519, 7169],[12489, 7197],[12466, 7231],[12449, 7268],[12440, 7308],[12439, 7349]]]},"properties":{"objectType":"annotation","classification":{"name":"Ignore*","color":[180, 180, 180]}}},{"type":"Feature","id":"cec26c16-f413-46ae-8ef6-ae09044002e0","geometry":{"type":"Polygon","coordinates":[[[27066, 8158],[27066, 8162],[27066, 8165],[27066, 8169],[27066, 8172],[27066, 8176],[27066, 8179],[27066, 8183],[27066, 8186],[27066, 8190],[27066, 8193],[27066, 8196],[27066, 8200],[27066, 8203],[27066, 8207],[27066, 8210],[27066, 8214],[27066, 8217],[27066, 8221],[27066, 8224],[27066, 8228],[27066, 8231],[27066, 8235],[27066, 8238],[27066, 8242],[27068, 8267],[27076, 8292],[27088, 8314],[27094.46, 8322.08],[27097, 8330],[27109, 8352],[27111.85, 8355.57],[27112.16, 8356.13],[27115, 8365],[27117.52, 8369.61],[27117.53, 8369.63],[27119.72, 8376.5],[27122, 8386],[27123.83, 8389.82],[27124, 8392],[27126.19, 8398.83],[27126.19, 8398.85],[27127, 8409],[27130.09, 8418.67],[27131, 8430],[27132.44, 8434.5],[27134, 8454],[27136.67, 8462.33],[27136.67, 8462.35],[27138, 8479],[27139, 8482.13],[27139, 8492],[27139, 8496],[27141, 8521],[27143, 8528.14],[27143, 8530],[27143, 8537],[27143, 8541],[27143, 8544],[27143, 8548],[27143, 8551],[27145, 8576],[27146.01, 8579.17],[27146.56, 8586],[27147, 8597],[27147.66, 8599.75],[27148, 8604],[27150.35, 8611.34],[27152, 8632],[27153.65, 8637.14],[27153.65, 8637.16],[27154, 8646],[27154.66, 8648.75],[27155, 8653],[27157.72, 8661.5],[27160, 8671],[27162.29, 8675.8],[27163, 8678],[27165.84, 8683.21],[27167, 8685.63],[27167, 8685.64],[27167, 8690],[27167, 8694],[27167, 8697],[27169, 8722],[27177, 8747],[27177.67, 8748.23],[27178.13, 8749.67],[27180, 8759],[27183.72, 8767.11],[27184, 8768],[27184.77, 8769.41],[27186.34, 8772.84],[27186.66, 8773.83],[27187, 8778],[27195, 8803],[27200.14, 8812.43],[27202, 8818],[27202, 8819],[27202, 8822],[27202, 8826],[27202, 8829],[27202, 8833],[27202, 8836],[27202, 8840],[27202, 8843],[27202, 8847],[27202, 8850],[27202, 8854],[27202, 8857],[27202, 8861],[27202, 8864],[27202, 8868],[27202, 8871],[27202, 8875],[27202, 8878],[27202, 8881],[27202, 8885],[27202, 8888],[27202, 8892],[27202, 8895],[27202, 8898.88],[27201, 8902],[27199, 8927],[27199, 8930],[27199, 8934],[27199, 8937],[27199, 8941],[27199, 8944],[27199, 8948],[27199, 8951],[27199, 8954],[27199, 8958],[27199, 8961],[27199, 8965],[27199, 8968],[27201, 8993],[27203.08, 8999.5],[27204, 9011],[27206.93, 9020.17],[27207, 9021],[27209.13, 9027.67],[27211, 9037],[27212.84, 9041.02],[27213, 9042],[27219, 9060],[27221, 9066],[27222.93, 9069.03],[27229, 9088],[27229.68, 9089.24],[27229.68, 9089.25],[27230, 9090.25],[27230, 9097],[27230, 9111],[27230, 9118],[27230, 9125],[27230, 9128],[27230, 9135],[27230, 9139],[27230, 9142],[27230, 9146],[27230, 9149],[27230, 9153],[27230, 9156],[27230, 9160],[27230, 9163],[27230, 9167],[27230, 9170],[27232, 9195],[27233.97, 9201.14],[27233.97, 9201.16],[27234, 9202],[27234.66, 9204.75],[27235, 9209],[27237.72, 9217.5],[27238.98, 9222.75],[27239, 9223],[27239.16, 9223.5],[27240, 9227],[27240.86, 9228.79],[27241.19, 9229.83],[27241.19, 9229.85],[27242, 9240],[27247, 9255.63],[27247, 9257],[27247, 9260],[27247, 9264],[27247, 9267],[27247, 9271],[27247, 9274],[27247, 9278],[27247, 9281],[27249, 9306],[27257, 9331],[27258.16, 9333.12],[27258.17, 9333.14],[27259.77, 9338.16],[27260, 9341],[27261, 9344.13],[27261, 9347],[27261, 9354],[27261, 9358],[27261, 9361],[27261, 9365],[27261, 9368],[27261, 9372],[27261, 9375],[27261, 9379],[27261, 9382],[27263, 9407],[27271, 9432],[27271.68, 9433.24],[27271.68, 9433.25],[27278, 9453],[27290, 9475],[27306, 9495],[27322.29, 9508.03],[27325, 9513],[27325.57, 9513.71],[27325.58, 9513.72],[27335, 9531],[27341.67, 9539.34],[27341.56, 9541.93],[27341.01, 9548.83],[27340, 9552],[27339.35, 9560.16],[27339, 9561],[27336, 9571],[27334.78, 9577.12],[27333, 9581],[27331.13, 9590.33],[27329, 9597],[27328.47, 9603.67],[27328, 9606],[27327.72, 9613],[27327, 9622],[27327, 9629],[27327, 9631],[27327, 9639],[27327, 9643],[27327, 9650],[27327, 9657],[27327, 9664],[27327, 9671],[27327, 9674],[27327, 9678],[27327, 9681],[27327, 9685],[27327, 9688],[27329, 9713],[27337, 9738],[27349, 9760],[27365, 9780],[27385, 9796],[27391.29, 9799.43],[27392, 9800],[27392.79, 9800.43],[27396, 9803],[27399.93, 9805.14],[27399.94, 9805.15],[27406, 9810],[27409.94, 9812.15],[27416, 9817],[27416.79, 9817.43],[27420, 9820],[27424.71, 9822.57],[27425.85, 9823.48],[27429, 9827],[27440.67, 9835.33],[27444, 9838],[27445.69, 9838.92],[27450, 9842],[27460.66, 9847.1],[27461, 9848],[27469, 9862],[27474, 9869],[27484, 9881],[27487, 9884],[27490, 9887],[27502, 9897],[27509, 9902],[27523, 9910],[27539, 9916],[27550.43, 9918.86],[27554, 9920],[27556.78, 9920.22],[27571, 9922],[27587, 9922],[27601.22, 9920.22],[27604, 9920],[27607.57, 9918.86],[27619, 9916],[27635, 9910],[27649, 9902],[27656, 9897],[27668, 9887],[27671, 9884],[27674, 9881],[27684, 9869],[27689, 9862],[27697, 9848],[27703, 9832],[27705.86, 9820.57],[27707, 9817],[27707.22, 9814.22],[27709, 9800],[27709, 9792],[27709, 9789],[27709, 9785],[27709, 9784],[27709, 9782],[27709, 9779],[27707, 9754],[27699, 9729],[27687, 9707],[27686.43, 9706.29],[27683, 9700],[27679.86, 9696.07],[27676, 9689],[27671.15, 9682.94],[27671.14, 9682.93],[27669, 9679],[27653, 9659],[27651.52, 9657.81],[27651, 9657],[27645.79, 9651.48],[27643, 9648],[27640, 9645],[27638.64, 9643.91],[27634, 9639],[27633.54, 9638.68],[27633.53, 9638.67],[27633, 9638],[27613, 9622],[27596.48, 9613],[27597.24, 9603.5],[27599, 9598],[27599.88, 9587],[27601, 9580],[27600.9, 9577.55],[27603, 9571],[27603.34, 9566.75],[27604, 9564],[27604.44, 9553],[27605, 9546],[27605, 9542],[27605, 9539],[27605, 9535],[27605, 9532],[27605, 9528],[27605, 9525],[27605, 9521],[27605, 9518],[27605, 9514],[27605, 9511],[27605, 9507],[27604.44, 9500],[27604, 9489],[27603.34, 9486.25],[27603, 9482],[27600.28, 9473.5],[27598, 9464],[27595.7, 9459.2],[27595, 9457],[27592.18, 9451.82],[27590.98, 9449.31],[27588, 9440],[27577.65, 9421.02],[27577, 9419],[27565, 9397],[27552.72, 9381.65],[27552.71, 9381.64],[27548, 9373],[27538.67, 9361.33],[27535.3, 9356.62],[27533, 9353],[27530, 9349],[27529.3, 9348.21],[27527, 9345],[27525.89, 9343.96],[27524, 9340],[27521, 9335.8],[27521, 9333],[27521, 9330],[27521, 9327],[27521, 9323],[27521, 9320],[27520.81, 9317.67],[27521, 9313],[27519.88, 9306],[27519, 9295],[27517.24, 9289.5],[27517.21, 9289.33],[27517, 9284],[27516.34, 9281.25],[27516, 9277],[27513.28, 9268.5],[27511, 9259],[27508.7, 9254.2],[27508, 9252],[27507.32, 9250.75],[27507, 9249.76],[27507, 9247],[27507, 9243],[27507, 9236],[27507, 9233],[27507, 9229],[27507, 9226],[27507, 9222],[27505, 9197],[27498.23, 9175.83],[27498, 9173],[27495.17, 9164.17],[27495, 9162],[27492.28, 9153.5],[27491.38, 9149.75],[27491, 9145],[27490, 9141.86],[27490, 9139],[27490, 9135],[27490, 9128],[27490, 9125],[27490, 9118],[27490, 9111],[27490, 9097],[27490, 9087],[27490, 9083],[27490, 9080],[27490, 9076],[27490, 9073],[27490, 9071],[27490, 9069],[27488, 9044],[27485.91, 9037.46],[27484.89, 9031.04],[27484, 9020],[27482.24, 9014.5],[27482, 9013],[27476, 8995],[27474, 8989],[27471.03, 8984.33],[27471.02, 8984.32],[27469, 8978],[27467.16, 8974.64],[27467.16, 8974.63],[27466, 8971],[27464.11, 8967.53],[27463, 8962],[27461.21, 8958.08],[27460.36, 8947.5],[27460.36, 8947.49],[27462, 8927],[27462, 8923],[27462, 8920],[27462, 8916],[27462, 8913],[27462, 8909],[27462, 8906],[27462, 8902],[27462, 8899],[27462, 8895],[27462, 8892],[27462, 8888],[27462, 8885],[27462, 8881],[27462, 8878],[27462, 8875],[27462, 8871],[27462, 8868],[27462, 8864],[27462, 8861],[27462, 8857],[27462, 8854],[27462, 8850],[27462, 8847],[27462, 8843],[27462, 8840],[27462, 8836],[27462, 8833],[27462, 8829],[27462, 8826],[27462, 8822],[27462, 8819],[27462, 8815],[27462, 8812],[27462, 8808],[27462, 8805],[27462, 8801],[27462, 8798],[27462, 8795],[27462, 8788],[27462, 8784],[27460, 8759],[27452, 8734],[27450.16, 8730.64],[27450.16, 8730.63],[27449, 8727],[27445.23, 8720.08],[27443.65, 8715.17],[27443.65, 8715.16],[27443, 8707],[27435, 8682],[27427, 8667.33],[27427, 8666],[27427, 8662],[27427, 8659],[27427, 8655],[27425, 8630],[27418.23, 8608.83],[27418, 8606],[27411.23, 8584.83],[27411, 8582],[27409.67, 8577.86],[27409.44, 8574.98],[27409, 8564],[27408.34, 8561.25],[27408, 8557],[27405.97, 8550.68],[27405.97, 8550.67],[27404, 8526],[27403, 8522.85],[27403, 8516],[27403, 8513],[27403, 8509],[27403, 8506],[27403, 8502],[27401, 8477],[27399, 8469.88],[27399, 8464],[27399, 8461],[27399, 8457],[27397, 8432],[27395.56, 8427.5],[27394, 8408],[27391.65, 8400.64],[27390, 8380],[27387.81, 8373.17],[27387.81, 8373.16],[27387, 8363],[27383.91, 8353.32],[27383, 8342],[27380.17, 8333.19],[27380.17, 8333.17],[27380, 8331],[27377.07, 8321.83],[27377, 8321],[27374.28, 8312.5],[27373.38, 8308.75],[27373, 8304],[27366.6, 8284],[27366, 8281],[27362.29, 8272.9],[27362, 8272],[27361.22, 8270.57],[27355.54, 8258.17],[27355.53, 8258.16],[27351, 8244],[27339, 8222],[27336.43, 8218.79],[27336, 8218],[27334, 8215.51],[27331, 8208],[27330.08, 8206.23],[27328, 8200],[27326.43, 8197.54],[27330, 8191],[27335.88, 8172.63],[27338, 8168],[27339.87, 8158.67],[27342, 8152],[27342.53, 8145.33],[27343, 8143],[27343.28, 8136],[27343.37, 8134.9],[27345, 8130],[27346.47, 8111.67],[27346.88, 8109.63],[27349, 8103],[27349.53, 8096.34],[27350, 8094],[27350.28, 8087],[27351, 8078],[27351, 8075],[27351, 8071],[27351, 8069],[27351, 8068],[27351, 8064],[27351, 8061],[27349, 8036],[27347, 8029.74],[27347, 8026],[27347, 8023],[27347, 8019],[27347, 8016],[27346.81, 8013.67],[27347, 8009],[27345.88, 8002],[27345, 7991],[27344, 7987.85],[27344, 7984],[27344, 7981],[27344, 7977],[27344, 7974],[27344, 7967],[27343.44, 7960],[27343, 7949],[27342.34, 7946.25],[27342, 7942],[27340, 7935.77],[27340, 7929],[27340, 7925],[27340, 7915],[27340, 7911],[27340, 7908],[27340, 7904],[27340, 7901],[27340, 7897],[27340, 7894],[27340, 7887],[27340, 7884],[27340, 7880],[27340, 7873],[27340, 7870],[27340, 7863],[27340, 7862.25],[27342, 7856],[27343.56, 7836.5],[27345, 7832],[27345.88, 7821],[27347, 7814],[27346.81, 7809.33],[27347, 7807],[27347, 7804],[27347, 7800],[27347, 7797],[27347, 7796.25],[27349, 7790],[27349.07, 7789.17],[27352, 7780],[27352.23, 7777.16],[27356.56, 7763.65],[27359.19, 7758.16],[27362, 7753],[27362.7, 7750.81],[27365, 7746],[27367.28, 7736.5],[27370, 7728],[27370.32, 7724.05],[27373, 7716],[27373.05, 7715.34],[27373.05, 7715.33],[27377, 7703],[27378.68, 7681.95],[27380, 7678],[27381.45, 7659.85],[27381.45, 7659.83],[27383, 7655],[27385, 7630],[27385, 7626],[27385, 7623],[27385, 7619],[27385, 7616],[27385, 7612.25],[27387, 7606],[27389, 7581],[27389, 7578],[27389, 7574],[27389, 7571],[27389, 7567],[27389, 7564],[27389, 7560],[27389, 7557.13],[27390, 7554],[27390.38, 7549.25],[27391.28, 7545.49],[27394, 7537],[27394.34, 7532.75],[27395, 7530],[27395.44, 7519],[27396, 7512],[27396, 7508.13],[27397, 7505],[27397.88, 7494],[27398.92, 7487.5],[27401, 7481],[27403, 7456],[27403, 7452],[27403, 7449],[27403, 7445],[27403, 7442],[27403, 7439],[27403, 7435],[27403, 7432],[27403, 7428],[27403, 7425],[27403, 7421],[27403, 7418],[27403, 7414],[27403, 7411],[27403, 7407],[27403, 7404],[27403, 7400],[27403, 7397.13],[27404, 7394],[27406, 7369],[27406, 7365],[27406, 7362],[27406, 7359],[27406, 7355],[27406, 7352],[27406, 7348],[27406, 7345],[27406, 7341],[27406, 7338],[27406, 7334],[27406, 7331],[27406, 7327],[27406, 7324],[27406, 7320],[27406, 7313],[27406, 7310],[27406, 7306],[27406, 7303],[27406, 7299],[27406, 7296],[27406, 7292],[27406, 7289],[27406, 7286],[27406, 7282],[27406, 7279],[27406, 7275],[27406, 7272],[27406, 7268],[27406, 7265],[27406, 7261],[27404, 7236],[27402.56, 7231.5],[27401, 7212],[27393, 7187],[27381, 7165],[27365, 7145],[27361, 7141],[27341, 7125],[27319, 7113],[27294, 7105],[27269, 7103],[27244, 7105],[27219, 7113],[27197, 7125],[27177, 7141],[27161, 7161],[27149, 7183],[27141, 7208],[27139, 7233],[27141, 7258],[27143.35, 7265.33],[27145, 7286],[27146, 7289.13],[27146, 7292],[27146, 7296],[27146, 7299],[27146, 7303],[27146, 7306],[27146, 7310],[27146, 7313],[27146, 7320],[27146, 7324],[27146, 7327],[27146, 7331],[27146, 7334],[27146, 7338],[27146, 7340.86],[27145, 7344],[27143, 7369],[27143, 7372],[27143, 7376],[27143, 7379],[27143, 7383],[27143, 7386],[27143, 7390],[27143, 7393],[27143, 7397],[27143, 7400],[27143, 7404],[27143, 7407],[27143, 7411],[27143, 7414],[27143, 7418],[27143, 7421],[27143, 7424.74],[27141, 7431],[27139.01, 7455.82],[27138, 7459],[27137.12, 7469.98],[27136, 7477],[27136.19, 7481.7],[27136.03, 7483.68],[27134, 7490],[27133.66, 7494.24],[27133, 7497],[27132.83, 7501.29],[27131, 7507],[27129, 7532],[27129, 7536],[27129, 7539],[27129, 7543],[27129, 7546],[27129, 7549.74],[27127, 7556],[27125, 7581],[27125, 7585],[27125, 7588],[27125, 7595],[27125, 7598],[27125, 7601.89],[27124, 7605],[27122.21, 7627.38],[27122.21, 7627.39],[27121, 7631],[27119.56, 7648.97],[27117, 7657],[27116.97, 7657.41],[27116.97, 7657.42],[27115, 7662],[27114.61, 7663.17],[27113.82, 7664.82],[27111, 7670],[27110.3, 7672.2],[27108, 7677],[27105.72, 7686.5],[27104.68, 7689.75],[27104, 7691],[27103.3, 7693.2],[27101, 7698],[27098.72, 7707.5],[27096, 7716],[27095.66, 7720.24],[27095, 7723],[27094.9, 7725.6],[27089, 7744],[27087, 7769],[27087, 7772],[27087, 7776],[27087, 7779],[27087, 7782.85],[27086, 7786],[27085.11, 7797.04],[27084.09, 7803.46],[27082, 7810],[27080, 7835],[27080, 7838],[27080, 7842],[27080, 7845],[27080, 7849],[27080, 7852],[27080, 7856],[27080, 7859],[27080, 7863],[27080, 7870],[27080, 7873],[27080, 7880],[27080, 7884],[27080, 7887],[27080, 7894],[27080, 7897],[27080, 7901],[27080, 7904],[27080, 7908],[27080, 7911],[27080, 7915],[27080, 7925],[27080, 7929],[27080, 7936],[27080, 7939],[27080, 7943],[27080, 7950],[27080, 7953],[27080, 7957],[27080, 7960],[27080, 7964],[27080.56, 7971],[27081, 7982],[27081.66, 7984.75],[27082, 7989],[27084, 7995.25],[27084, 7998],[27084, 8002],[27084, 8005],[27084, 8009],[27084, 8012],[27084.19, 8014.33],[27084, 8019],[27085.12, 8026],[27086, 8037],[27087, 8040.13],[27087, 8044],[27087, 8047],[27087, 8050],[27087, 8054],[27087, 8057],[27087, 8061],[27087.88, 8072.01],[27087.72, 8076.05],[27087.53, 8078.41],[27086, 8083],[27085.44, 8089.98],[27084, 8092],[27078.82, 8102.82],[27076, 8108],[27075.3, 8110.2],[27073, 8115],[27070.72, 8124.5],[27068, 8133],[27067.66, 8137.25],[27067, 8140],[27066.56, 8151],[27066, 8158]]]},"properties":{"objectType":"annotation","classification":{"name":"Tissue","color":[83, 47, 31]}}},{"type":"Feature","id":"961c2c3b-a7b2-4cdb-9f15-397729979593","geometry":{"type":"Polygon","coordinates":[[[39493, 5256],[39495, 5281],[39503, 5306],[39515, 5328],[39531, 5348],[39551, 5364],[39573, 5376],[39582.31, 5378.98],[39584.82, 5380.18],[39590, 5383],[39592.2, 5383.7],[39597, 5386],[39606.5, 5388.28],[39615, 5391],[39618.33, 5391.27],[39622, 5392],[39623.55, 5392.31],[39625, 5393],[39628.5, 5393.84],[39629, 5394],[39629.25, 5394.02],[39634.5, 5395.28],[39643, 5398],[39644.42, 5398.11],[39650.83, 5401.18],[39651.29, 5401.43],[39652, 5402],[39674, 5414],[39680.45, 5416.06],[39680.47, 5416.07],[39684, 5418],[39695, 5424],[39706.36, 5427.64],[39709, 5430],[39732, 5442],[39733.09, 5442.47],[39735, 5444],[39736.68, 5444.92],[39739.26, 5446.76],[39744, 5451],[39767, 5463],[39771.11, 5464.88],[39780, 5472],[39802, 5484],[39821.86, 5490.35],[39821.89, 5490.37],[39832, 5495],[39847.7, 5500.23],[39849, 5501],[39855.58, 5502.84],[39858, 5504],[39868.05, 5506.41],[39873, 5509],[39915, 5526],[39918.74, 5527.05],[39923, 5529],[39934.31, 5532.77],[39936.78, 5534.13],[39938, 5535],[39940.79, 5536.33],[39942, 5537],[39943.41, 5537.59],[39961, 5546],[39978.33, 5552.22],[39999, 5566],[40023, 5579],[40031.63, 5582.75],[40052.54, 5592.4],[40058, 5597],[40081, 5609],[40085.3, 5610.79],[40099, 5624],[40103.36, 5627.32],[40104, 5628],[40108, 5630.86],[40120, 5640],[40122.67, 5641.33],[40125, 5643],[40126, 5643.57],[40135, 5650],[40136.54, 5650.91],[40139, 5653],[40153.09, 5660.69],[40157, 5663],[40157.78, 5663.25],[40159.1, 5663.97],[40166, 5670],[40169.5, 5672.5],[40172, 5675],[40181.17, 5680.83],[40187, 5685],[40189.88, 5686.38],[40194, 5689],[40204, 5694],[40207, 5697],[40216, 5706],[40219.21, 5708.57],[40226, 5715],[40233.5, 5720],[40236, 5722],[40238.75, 5723.5],[40244.3, 5727.2],[40246, 5729],[40260, 5739],[40267, 5744],[40270.04, 5745.74],[40297, 5764],[40299.54, 5765.38],[40306, 5770],[40331, 5784],[40335.74, 5785.97],[40338, 5788],[40342.78, 5790.49],[40348, 5796],[40368, 5810],[40381.57, 5816.22],[40383, 5817],[40383.9, 5817.29],[40392, 5821],[40404.69, 5825.23],[40410, 5828],[40423.03, 5833.97],[40425, 5835],[40427.98, 5836.24],[40434, 5839],[40434.12, 5839.02],[40451, 5849],[40467.01, 5853.48],[40467.07, 5853.5],[40467.08, 5853.51],[40468, 5854],[40480, 5859],[40489.82, 5863.09],[40498, 5868],[40499.82, 5868.87],[40500, 5869],[40507, 5873],[40515.84, 5877.05],[40521, 5880],[40523.09, 5880.96],[40536, 5888],[40551.14, 5894.23],[40553, 5896],[40560.5, 5901],[40563, 5903],[40565.75, 5904.5],[40574, 5910],[40580.83, 5912.84],[40581, 5913],[40585, 5916],[40588.67, 5918.33],[40592, 5921],[40596.77, 5923.49],[40599.06, 5924.95],[40601, 5927],[40604.21, 5929.29],[40605, 5930],[40609, 5933],[40612.67, 5935.33],[40615, 5937],[40617, 5939],[40639, 5953],[40643, 5955],[40657, 5965],[40664, 5970],[40668, 5974],[40682, 5985],[40685.03, 5986.79],[40690, 5993],[40690.7, 5993.63],[40691, 5994],[40710, 6011],[40721.11, 6016.8],[40723, 6019],[40732, 6028],[40741, 6037],[40749.61, 6042.09],[40752, 6044],[40765, 6057],[40785, 6073],[40785.9, 6073.49],[40788.32, 6075.66],[40792.11, 6079.89],[40793, 6081],[40794, 6082],[40797, 6085],[40800, 6088.5],[40801, 6090],[40806.2, 6096.31],[40809.62, 6101.69],[40815, 6112],[40819.09, 6116.57],[40820, 6118],[40827, 6125.41],[40832, 6131],[40833.14, 6131.91],[40837, 6136],[40848.67, 6144.33],[40852, 6147],[40853.48, 6147.77],[40858, 6151],[40859, 6151.57],[40862.15, 6153.82],[40873, 6169],[40881.13, 6177.75],[40882, 6179],[40891.77, 6189.92],[40893, 6192],[40898.05, 6198.42],[40902, 6206],[40917.11, 6222.89],[40918, 6224],[40919, 6225],[40932, 6238],[40939, 6245],[40939.8, 6245.64],[40940, 6246],[40941.78, 6248.23],[40948, 6258],[40952.82, 6262.55],[40956.5, 6267.71],[40959.27, 6272.68],[40961, 6276],[40961.3, 6276.33],[40972.17, 6295.9],[40972.52, 6297],[40977, 6313],[40990, 6335],[41001.2, 6349],[41011, 6363],[41017.81, 6370.61],[41025, 6385],[41029.73, 6392.43],[41030, 6393],[41030.83, 6394.16],[41036.83, 6403.59],[41048, 6425],[41053.12, 6430.72],[41062, 6447],[41078, 6467],[41098, 6483],[41120, 6495],[41145, 6503],[41167.22, 6504.78],[41169, 6505],[41185, 6505],[41199.22, 6503.22],[41202, 6503],[41205.57, 6501.86],[41217, 6499],[41233, 6493],[41247, 6485],[41254, 6480],[41266, 6470],[41269, 6467],[41272, 6464],[41282, 6452],[41287, 6445],[41295, 6431],[41301, 6415],[41303.86, 6403.57],[41305, 6400],[41305.22, 6397.22],[41307, 6383],[41307, 6375],[41307, 6367],[41305.22, 6352.78],[41305, 6350],[41303.86, 6346.43],[41301, 6335],[41295, 6319],[41287, 6305],[41282, 6298],[41272, 6286],[41269.55, 6283.55],[41263, 6271],[41256, 6260],[41252, 6255],[41246, 6243],[41245, 6241],[41231, 6219],[41229, 6217],[41223.5, 6210.86],[41215.07, 6198.81],[41214, 6195],[41209.39, 6187.2],[41208, 6184],[41186.75, 6145.75],[41186, 6144],[41174, 6121],[41161.95, 6107.53],[41153, 6095],[41152.79, 6094.81],[41147, 6085],[41143.38, 6081.16],[41142, 6079],[41135.83, 6073.17],[41130, 6067],[41119, 6057],[41117.18, 6055.18],[41115, 6051],[41112.46, 6048.16],[41110, 6044],[41099, 6030],[41091.33, 6022.33],[41089, 6019],[41084.04, 6013.46],[41078, 6005],[41072.52, 5999.1],[41068, 5992],[41052, 5972],[41050.59, 5970.74],[41050, 5970],[41048, 5968],[41047, 5967],[41045.9, 5966.12],[41029, 5951],[41020.83, 5946.75],[41020.82, 5946.74],[41017, 5941],[41003, 5924],[41001, 5922],[40995, 5915],[40992.18, 5912.18],[40990, 5908],[40976.78, 5893.22],[40975, 5891],[40973.94, 5890.06],[40973, 5889],[40970.78, 5887.22],[40956, 5874],[40950.99, 5871.39],[40950.97, 5871.38],[40933, 5857],[40925, 5849],[40924.26, 5848.41],[40923, 5847],[40908, 5835],[40897, 5824],[40891, 5818],[40890, 5817],[40888.89, 5816.11],[40872, 5801],[40866.92, 5798.35],[40862.55, 5794.44],[40859, 5790],[40839, 5774],[40834.54, 5771.57],[40830, 5768],[40825.69, 5765.45],[40816, 5758],[40808.7, 5753.36],[40792, 5740],[40781, 5733],[40775.45, 5730.1],[40769, 5726],[40765, 5724],[40764.99, 5723.99],[40764.63, 5723.7],[40764, 5723],[40744, 5707],[40737.33, 5703.52],[40734.79, 5701.71],[40734, 5701],[40730, 5698],[40726.33, 5695.67],[40717, 5689],[40713.42, 5686.95],[40709, 5683],[40687.59, 5671.83],[40686.11, 5670.89],[40684, 5669],[40661, 5657],[40660.07, 5656.6],[40657, 5655],[40656.39, 5654.85],[40653, 5653],[40640.09, 5647.68],[40640.08, 5647.68],[40626, 5640],[40624.57, 5639.54],[40622, 5638],[40621.43, 5637.73],[40614, 5633],[40611.03, 5631.45],[40609, 5630],[40602, 5626],[40588.43, 5619.78],[40587, 5619],[40586.1, 5618.71],[40578, 5615],[40572.06, 5613.81],[40569, 5612],[40562.92, 5610.3],[40555, 5607],[40551.47, 5606.29],[40549, 5605],[40535.15, 5599.23],[40533, 5598],[40528.2, 5595.8],[40519, 5591],[40502.35, 5583.37],[40493, 5575],[40470, 5563],[40468.16, 5562.21],[40465.52, 5560.66],[40459, 5556],[40434.82, 5542.46],[40412, 5527],[40410, 5525],[40406.79, 5522.43],[40400, 5516],[40392.5, 5511],[40390, 5509],[40387.25, 5507.5],[40382, 5504],[40379, 5501],[40372, 5494],[40369.5, 5492],[40360, 5483],[40338, 5469],[40324.67, 5462.33],[40314, 5453],[40307.37, 5448.26],[40300, 5442],[40294.08, 5438.77],[40293, 5438],[40290.29, 5436.71],[40278, 5430],[40272.67, 5427.81],[40272.25, 5427.56],[40253, 5409],[40248.64, 5405.68],[40248, 5405],[40244, 5402.14],[40232, 5393],[40229.33, 5391.67],[40227, 5390],[40220, 5386],[40206.97, 5380.03],[40205, 5379],[40202, 5377.75],[40201.67, 5377.6],[40201, 5377],[40196.22, 5374.17],[40196, 5374],[40195, 5373.45],[40179, 5364],[40147.91, 5349.65],[40147, 5349],[40134.69, 5342.33],[40132.39, 5340.44],[40132, 5340],[40130.94, 5339.24],[40127, 5336],[40118, 5330],[40111, 5325],[40109.23, 5324.15],[40106, 5322],[40096.12, 5317.88],[40088, 5314],[40056.59, 5302.72],[40050.49, 5299.37],[40050, 5299],[40048.91, 5298.5],[40048, 5298],[40046, 5297.17],[40026, 5288],[40008.33, 5282.11],[39974.41, 5268.38],[39967, 5264],[39961.16, 5262.37],[39956, 5260],[39952.06, 5259.22],[39948, 5257],[39945.79, 5256.29],[39941, 5254],[39931.5, 5251.72],[39923, 5249],[39921.91, 5248.91],[39920, 5247],[39898, 5234],[39890.94, 5231.06],[39889, 5230],[39886.41, 5229.17],[39881.08, 5226.95],[39881.05, 5226.94],[39878.3, 5225.44],[39874, 5222],[39863, 5215],[39848.63, 5207.5],[39848, 5207],[39844.35, 5205.01],[39843, 5204],[39838.11, 5200.89],[39837, 5200],[39835, 5198.91],[39821, 5190],[39815, 5188],[39808.14, 5185.71],[39805, 5184],[39798.58, 5181.95],[39798.57, 5181.95],[39784, 5174],[39781.19, 5173.1],[39781.18, 5173.1],[39774.01, 5169.19],[39769, 5166],[39764.88, 5164.63],[39764, 5164],[39757, 5160],[39755.47, 5159.3],[39755, 5159],[39754.33, 5158.78],[39743.46, 5153.8],[39742, 5153],[39741.08, 5152.71],[39733, 5149],[39723.67, 5147.13],[39717, 5145],[39712.19, 5144.62],[39712.18, 5144.62],[39709.78, 5143.85],[39708, 5143],[39704.5, 5142.16],[39704, 5142],[39703.75, 5141.98],[39698.5, 5140.72],[39690, 5138],[39688.68, 5137.89],[39683, 5136],[39665, 5130],[39663.5, 5129.76],[39658, 5128],[39647, 5127.12],[39640, 5126],[39635.33, 5126.19],[39633, 5126],[39623, 5126],[39598, 5128],[39573, 5136],[39551, 5148],[39531, 5164],[39515, 5184],[39503, 5206],[39495, 5231],[39493, 5256]]]},"properties":{"objectType":"annotation","classification":{"name":"Tissue","color":[83, 47, 31]}}},{"type":"Feature","id":"32e0127b-c8d9-4afb-bb5c-6715424b05b8","geometry":{"type":"Polygon","coordinates":[[[39267, 8620],[39267.08, 8621.02],[39267, 8622],[39267, 8628],[39269, 8653],[39277, 8678],[39289, 8700],[39305, 8720],[39325, 8736],[39347, 8748],[39372, 8756],[39397, 8758],[39422, 8756],[39447, 8748],[39469, 8736],[39489, 8720],[39505, 8700],[39517, 8678],[39525, 8653],[39525.21, 8650.37],[39528, 8642],[39528.5, 8635.76],[39530.72, 8626.5],[39531.14, 8625.43],[39535, 8617],[39535.59, 8614.05],[39536, 8613],[39543, 8589],[39544.75, 8579.88],[39545, 8579],[39546.2, 8573.4],[39548, 8568],[39552, 8551],[39552.36, 8548],[39553, 8546],[39553.29, 8542.43],[39556, 8537],[39559, 8529],[39565, 8513],[39565.88, 8507.5],[39567, 8504],[39567.35, 8499.68],[39568, 8498],[39571.71, 8483.14],[39574, 8476],[39575.23, 8460.58],[39575.27, 8460.41],[39577, 8455],[39577.81, 8444.83],[39580.56, 8437.5],[39584, 8430],[39584.71, 8426.43],[39586, 8423],[39589, 8412],[39589.88, 8406.5],[39591, 8403],[39591.56, 8395.97],[39592.28, 8391.51],[39593, 8390],[39595.52, 8379.52],[39598, 8371],[39598.21, 8368.3],[39599, 8365],[39601, 8351],[39601.38, 8348.32],[39609, 8328],[39612, 8318],[39614.8, 8304],[39616, 8299],[39616.5, 8295.5],[39617, 8293],[39617, 8292],[39620, 8271],[39620.02, 8270.59],[39620.27, 8269.41],[39622, 8264],[39623.35, 8247.07],[39626, 8238],[39626.59, 8234.94],[39630, 8223],[39630.5, 8220.5],[39631, 8219],[39636.38, 8197.5],[39637, 8196],[39638.95, 8189.49],[39644.3, 8175.89],[39646, 8173],[39653, 8148],[39653.39, 8146.17],[39654, 8144],[39654.09, 8142.94],[39655.27, 8137.41],[39657, 8132],[39658.53, 8112.93],[39658.69, 8111.57],[39660, 8106],[39660.71, 8100.11],[39662, 8097],[39666.5, 8080.93],[39671, 8070],[39676.25, 8051.25],[39677, 8049],[39677.5, 8046.78],[39678, 8045],[39678.05, 8044.34],[39682.68, 8023.86],[39683, 8023],[39686, 8012],[39686.89, 8006.44],[39690, 7994],[39693, 7982],[39693.21, 7980.61],[39696, 7969],[39698.09, 7954.91],[39704, 7942],[39712, 7918],[39712.36, 7915],[39713, 7913],[39713.8, 7903.04],[39715, 7893],[39714.89, 7890.06],[39716.38, 7880.12],[39717, 7878],[39719.46, 7862.62],[39723, 7852],[39725.3, 7840.5],[39726, 7838],[39728.27, 7827.41],[39730, 7822],[39731.52, 7803],[39732, 7799],[39731.92, 7797.98],[39732, 7797],[39732, 7790.27],[39734, 7784],[39734.53, 7777.33],[39736, 7770],[39736, 7759],[39736, 7752],[39736, 7745],[39736, 7744],[39736, 7735.97],[39736.79, 7729.64],[39737, 7729],[39737.22, 7726.22],[39738, 7720],[39738.28, 7713],[39739, 7704],[39739, 7695],[39739, 7690],[39739, 7680],[39739, 7672],[39739, 7664],[39737.22, 7649.78],[39737, 7647],[39735.86, 7643.43],[39733, 7632],[39727, 7616],[39719, 7602],[39714, 7595],[39704, 7583],[39701, 7580],[39698, 7577],[39686, 7567],[39679, 7562],[39665, 7554],[39649, 7548],[39637.57, 7545.14],[39634, 7544],[39631.22, 7543.78],[39617, 7542],[39601, 7542],[39586.78, 7543.78],[39584, 7544],[39580.43, 7545.14],[39569, 7548],[39553, 7554],[39539, 7562],[39532, 7567],[39520, 7577],[39517, 7580],[39514, 7583],[39504, 7595],[39499, 7602],[39491, 7616],[39485, 7632],[39482.14, 7643.43],[39481, 7647],[39480.78, 7649.78],[39479, 7664],[39479, 7672],[39479, 7680],[39479, 7690],[39479, 7696],[39478.21, 7702.36],[39478, 7703],[39477.78, 7705.78],[39477, 7712],[39476.72, 7719],[39476, 7728],[39476, 7735],[39476, 7737],[39476, 7741.75],[39474, 7748],[39473.47, 7754.67],[39472, 7762],[39472, 7773],[39472, 7779],[39468, 7791],[39466.18, 7800.09],[39463, 7811],[39459, 7836],[39458.9, 7838.69],[39456.49, 7854.76],[39455, 7858],[39451, 7870],[39448, 7878],[39445, 7889],[39443.8, 7896.5],[39442, 7904],[39438.36, 7928.55],[39435.5, 7940.01],[39434, 7944],[39431, 7955],[39430.38, 7958.85],[39430, 7960],[39426.21, 7976.77],[39422, 7987],[39419.44, 7996.15],[39417, 8002],[39410, 8027],[39407.89, 8040.16],[39407.79, 8040.63],[39406, 8046],[39402, 8063],[39401.64, 8066],[39401, 8068],[39400.2, 8078],[39399, 8088],[39399.01, 8088.25],[39394, 8101],[39392.8, 8105.27],[39390, 8112],[39387, 8122],[39386, 8127],[39380, 8151],[39377.06, 8161.29],[39376, 8164],[39369, 8188],[39367.73, 8194.58],[39366, 8200],[39365.51, 8206.16],[39364, 8214],[39364, 8225],[39364, 8226],[39363.84, 8227.33],[39362, 8235],[39360.17, 8247.87],[39358, 8252],[39356.21, 8256.11],[39353, 8262],[39351.18, 8267.68],[39348, 8275],[39346.6, 8282],[39345, 8287],[39344.6, 8292],[39343, 8300],[39343, 8312],[39343, 8315],[39342.79, 8316.45],[39341.97, 8319.4],[39338, 8333],[39337.8, 8335.6],[39336.73, 8340.59],[39335, 8346],[39328, 8363],[39321, 8388],[39319, 8413],[39319, 8415.88],[39318, 8419],[39317.96, 8419.54],[39317, 8422],[39313.29, 8436.86],[39311, 8444],[39310.86, 8445.77],[39308, 8452],[39301, 8473],[39299.13, 8482.33],[39297, 8489],[39296.47, 8495.67],[39296, 8498],[39295.93, 8499.81],[39294, 8508],[39293.23, 8514.42],[39293, 8515],[39289.63, 8526.55],[39287, 8531],[39285.37, 8536.83],[39283, 8542],[39281, 8552],[39277, 8563],[39272.8, 8580.5],[39272, 8583],[39271.9, 8584.25],[39271, 8588],[39270.96, 8589.13],[39269, 8595],[39267, 8620]]]},"properties":{"objectType":"annotation","classification":{"name":"Tissue","color":[83, 47, 31]}}},{"type":"Feature","id":"75e04a59-9f5e-4cc8-b44e-b5988b199c21","geometry":{"type":"Polygon","coordinates":[[[8268, 23427],[8274, 23483],[8290, 23538],[8317, 23588],[8353, 23631],[8396, 23667],[8446, 23694],[8501, 23710],[8557, 23716],[8588, 23716],[8644, 23710],[8699, 23694],[8749, 23667],[8784.26, 23637.48],[8787, 23636],[8830, 23600],[8852.37, 23573.29],[8864, 23567],[8903.34, 23534.06],[8903.35, 23534.06],[8908, 23532],[8908.69, 23531.5],[8913.25, 23529.87],[8930, 23525],[8936.24, 23521.63],[8938, 23521],[8948.2, 23515.17],[8972.62, 23501.98],[8976, 23501],[9026, 23474],[9034.68, 23466.74],[9049, 23459],[9092, 23423],[9100, 23415],[9100.86, 23413.97],[9108, 23408],[9111.76, 23403.51],[9122, 23394],[9129, 23386],[9131.43, 23382.51],[9138, 23377],[9174, 23334],[9201, 23284],[9201.75, 23281.43],[9209, 23268],[9217.77, 23237.87],[9221, 23234],[9231.32, 23214.88],[9240, 23201],[9242.74, 23193.74],[9248, 23184],[9250.57, 23175.18],[9255, 23169],[9260.8, 23155.9],[9271, 23137],[9273.03, 23130.01],[9286, 23106],[9286.12, 23105.6],[9294, 23091],[9301.08, 23066.66],[9309, 23052],[9314.16, 23034.26],[9315.81, 23031.21],[9321, 23025],[9346.81, 22977.2],[9346.82, 22977.19],[9352, 22971],[9379, 22921],[9390.49, 22881.5],[9394, 22875],[9396.15, 22867.61],[9417, 22829],[9417.86, 22826.03],[9417.87, 22826.01],[9433, 22798],[9434.29, 22793.57],[9436.46, 22789.55],[9436.47, 22789.54],[9452, 22771],[9473.38, 22731.41],[9498, 22702],[9513.17, 22673.9],[9513.18, 22673.89],[9529, 22655],[9556, 22605],[9558.15, 22597.61],[9579, 22559],[9581.15, 22551.61],[9602, 22513],[9617.37, 22460.18],[9618, 22459],[9619.28, 22454.58],[9619.29, 22454.56],[9625, 22444],[9625.75, 22441.43],[9633, 22428],[9638.16, 22410.26],[9641, 22405],[9642.28, 22400.58],[9642.29, 22400.56],[9648, 22390],[9664, 22335],[9670, 22279],[9670, 22271],[9670, 22263],[9670, 22256],[9670, 22248],[9670, 22240],[9670, 22232],[9670, 22225],[9670, 22217],[9670, 22209],[9670, 22202],[9670, 22194],[9670, 22186],[9670, 22178],[9670, 22171],[9670, 22163],[9670, 22155],[9670, 22148],[9670, 22140],[9670, 22125],[9670, 22109],[9670, 22101],[9670, 22094],[9670, 22086],[9670, 22078],[9670, 22063],[9670, 22047],[9670, 22032],[9670, 22024],[9670, 22017],[9670, 22009],[9670, 22001],[9669.54, 21996.72],[9670, 21988],[9664.43, 21949],[9664, 21945],[9663.72, 21944.04],[9662, 21932],[9658.69, 21922.76],[9657, 21907],[9641, 21852],[9614, 21802],[9603.92, 21789.97],[9603.9, 21789.94],[9598, 21779],[9589.82, 21769.23],[9581, 21756],[9567.14, 21742.14],[9562, 21736],[9555.86, 21730.86],[9549.29, 21724.29],[9539, 21712],[9496, 21676],[9481.68, 21668.27],[9481.67, 21668.26],[9473, 21661],[9423, 21634],[9422.6, 21633.88],[9408, 21626],[9353, 21610],[9341.8, 21608.8],[9341.79, 21608.8],[9325, 21606],[9305.62, 21604.92],[9297, 21604],[9289, 21604],[9253, 21606],[9235, 21609],[9217, 21613],[9200, 21618],[9183, 21624],[9178.49, 21625.86],[9178, 21626],[9177.54, 21626.25],[9166, 21631],[9134, 21649],[9128, 21653],[9119, 21659],[9105, 21670],[9091, 21682],[9078, 21695],[9066, 21709],[9055, 21723],[9049, 21732],[9045, 21738],[9027, 21770],[9022.25, 21781.54],[9022, 21782],[9021.86, 21782.49],[9020, 21787],[9014, 21804],[9009, 21821],[9005, 21839],[9002, 21857],[9000, 21893],[9002, 21929],[9005, 21947],[9009, 21965],[9014, 21982],[9020, 21999],[9021.86, 22003.51],[9022, 22004],[9022.25, 22004.46],[9027, 22016],[9045, 22048],[9049, 22054],[9055, 22063],[9066, 22077],[9078, 22091],[9091, 22104],[9092, 22104.86],[9092, 22109],[9092, 22125],[9092, 22140],[9092, 22148],[9092, 22155],[9092, 22163],[9092, 22171],[9092, 22178],[9092, 22186],[9092, 22194],[9092, 22202],[9092, 22207.06],[9091.8, 22207.73],[9076, 22237],[9068.69, 22262.13],[9061.68, 22275.11],[9053, 22289],[9050.26, 22296.26],[9045, 22306],[9040.12, 22322.77],[9038, 22325],[9033.31, 22332.27],[9026, 22341],[9017.5, 22356.75],[9007.94, 22371.54],[8995, 22387],[8977.46, 22419.47],[8972, 22426],[8945, 22476],[8941, 22482],[8938.06, 22488.96],[8933, 22495],[8922.67, 22514.13],[8914, 22528],[8911.26, 22535.26],[8906, 22545],[8904.08, 22551.6],[8887, 22572],[8860, 22622],[8844, 22677],[8843.59, 22680.85],[8841.78, 22687.07],[8841, 22688],[8814, 22738],[8813.14, 22740.96],[8813.14, 22740.97],[8798, 22769],[8796.73, 22773.39],[8796.72, 22773.42],[8791, 22784],[8790.25, 22786.57],[8783, 22800],[8782.88, 22800.4],[8775, 22815],[8773.73, 22819.39],[8773.72, 22819.42],[8768, 22830],[8762.21, 22849.92],[8760, 22854],[8757.91, 22861.16],[8748, 22873],[8742.17, 22883.79],[8737, 22891],[8731.2, 22904.1],[8721, 22923],[8717.45, 22935.19],[8714, 22943],[8712.16, 22950.77],[8710.37, 22954.08],[8707, 22958],[8705.15, 22961.24],[8702, 22965],[8690, 22987.22],[8677, 22991],[8666.42, 22996.72],[8662, 22998],[8643.1, 23008.2],[8630, 23014],[8622.78, 23019.18],[8612, 23025],[8596.03, 23038.37],[8587.49, 23044.49],[8581, 23048],[8569.67, 23057.48],[8561, 23060],[8511, 23087],[8468, 23123],[8453.87, 23139.87],[8437, 23154],[8420.41, 23173.82],[8396, 23187],[8353, 23223],[8317, 23266],[8290, 23316],[8274, 23371],[8268, 23427]]]},"properties":{"objectType":"annotation","classification":{"name":"Tissue","color":[83, 47, 31]}}},{"type":"Feature","id":"5490b613-296a-4415-be94-a594c0215943","geometry":{"type":"Polygon","coordinates":[[[28211, 12268],[28211, 12271],[28211, 12273],[28211, 12275],[28211, 12277],[28211, 12280],[28211, 12282],[28211, 12284],[28211, 12287],[28211, 12289],[28211, 12290],[28211, 12291],[28211.12, 12292],[28212, 12307],[28213, 12310.2],[28213, 12311],[28213, 12316],[28213, 12323],[28213, 12325],[28213, 12330],[28213, 12332],[28213, 12333],[28213, 12334],[28213.12, 12335],[28214, 12350],[28215, 12353.21],[28215, 12357],[28215, 12370],[28215, 12373],[28215, 12375],[28215, 12379],[28215, 12384],[28215, 12395],[28215, 12398],[28215, 12401],[28215, 12402],[28215, 12407],[28215.71, 12413],[28216, 12418],[28216.79, 12422.21],[28217, 12424],[28217.5, 12426],[28218, 12428.66],[28218, 12429],[28218.12, 12430],[28219, 12445],[28220, 12448.2],[28220, 12454],[28220, 12468],[28220, 12477],[28220, 12484],[28222, 12501],[28222, 12503],[28222, 12509],[28222.71, 12515],[28223, 12520],[28223.79, 12524.21],[28224, 12526],[28224.5, 12528],[28225, 12530.67],[28225, 12536],[28225.24, 12538],[28225, 12542],[28226.89, 12552.11],[28227, 12553],[28227, 12559],[28227.71, 12565],[28228, 12570],[28228.79, 12574.21],[28229, 12576],[28229.5, 12578],[28231, 12586],[28231, 12590],[28231, 12595],[28231.12, 12596],[28231, 12598],[28233, 12614],[28234, 12618.33],[28234, 12658],[28234, 12667],[28234, 12672],[28234, 12676],[28234, 12679],[28234, 12688],[28234, 12692],[28234, 12701],[28234, 12706],[28234.24, 12708],[28234, 12712],[28235.89, 12722.11],[28236, 12723],[28236, 12731],[28236, 12734],[28236, 12735],[28236.12, 12736],[28236.49, 12742.39],[28231, 12752],[28227, 12768],[28225, 12785],[28225, 12787],[28225, 12792],[28227, 12809],[28228.67, 12815.67],[28228.68, 12815.71],[28230, 12823],[28231.72, 12828.5],[28232, 12830],[28233.13, 12833.01],[28234.78, 12838.3],[28235, 12842],[28238.75, 12854],[28240, 12859],[28240.74, 12860.3],[28242, 12871],[28243.25, 12874.75],[28244, 12879],[28246.33, 12884],[28247, 12886],[28247.15, 12886.35],[28248, 12891],[28249.25, 12895],[28250, 12899],[28252, 12906],[28254.26, 12912.02],[28256.12, 12917.97],[28256.2, 12918.67],[28256, 12922],[28257.58, 12930.42],[28258, 12934],[28259, 12938],[28259.75, 12940.99],[28261.1, 12948.22],[28261, 12950],[28262.89, 12960.1],[28263, 12961],[28263.25, 12962],[28264, 12966],[28264.75, 12968],[28264.78, 12968.1],[28264.78, 12968.11],[28265, 12970],[28269, 12986],[28271.67, 12990.66],[28271.67, 12990.67],[28274, 13000],[28275.78, 13003.11],[28276, 13004],[28276.65, 13005.14],[28277, 13007],[28278.49, 13010.97],[28278.5, 13010.99],[28279, 13013],[28282, 13025],[28283, 13029],[28286, 13041],[28287, 13045],[28287.44, 13045.78],[28289, 13052],[28290.33, 13054.33],[28292, 13061],[28292.44, 13061.78],[28294, 13068],[28302, 13082],[28313, 13095],[28315, 13097],[28328, 13108],[28342, 13116],[28358, 13120],[28375, 13122],[28392, 13120],[28408, 13116],[28422, 13108],[28435, 13097],[28437.36, 13094.21],[28440.36, 13095.92],[28444, 13099],[28449, 13104],[28454.3, 13107.41],[28455, 13108],[28457, 13109.14],[28463, 13113],[28465.19, 13113.82],[28469, 13116],[28474.04, 13117.26],[28482, 13124],[28496, 13132],[28505.42, 13134.35],[28505.43, 13134.36],[28508, 13136],[28512.09, 13137.91],[28521, 13143],[28523.67, 13143.67],[28526, 13145],[28530.92, 13146.23],[28536, 13148.6],[28540, 13151],[28541.22, 13151.57],[28545, 13154],[28547.18, 13154.82],[28558, 13161],[28574, 13165],[28574.71, 13165.08],[28574.72, 13165.09],[28577, 13166],[28582, 13166],[28588, 13167],[28598, 13167],[28604, 13166],[28609, 13166],[28614, 13164],[28619, 13163],[28620.67, 13162.33],[28626, 13161],[28636.5, 13155],[28639, 13154],[28647, 13148],[28653, 13142],[28659, 13136],[28665, 13128],[28666, 13125.5],[28672, 13115],[28673.33, 13109.67],[28674, 13108],[28675, 13103],[28677, 13098],[28677, 13093],[28678, 13087],[28678, 13082],[28678, 13077],[28677, 13071],[28677, 13066],[28675, 13061],[28674, 13056],[28673.33, 13054.33],[28672, 13049],[28666, 13038.5],[28665, 13036],[28659, 13028],[28656, 13025],[28653, 13022],[28651, 13020],[28644, 13013],[28638.7, 13009.59],[28638, 13009],[28636, 13007.86],[28630, 13004],[28627.82, 13003.18],[28625.32, 13001.75],[28626, 12996],[28624, 12979],[28620, 12963],[28612, 12949],[28608.92, 12945.36],[28607, 12942],[28596, 12929],[28583, 12918],[28579.42, 12914.97],[28578.31, 12913.54],[28578, 12913],[28576.62, 12911.37],[28574, 12908],[28572.77, 12906.66],[28571, 12904],[28570.29, 12903.16],[28570, 12902],[28568.66, 12899.65],[28568, 12897],[28565.78, 12893.11],[28565, 12890],[28563.67, 12887.67],[28561, 12877],[28559.67, 12874.67],[28559, 12872],[28556.33, 12867.33],[28556, 12866],[28552, 12859],[28548, 12852],[28544, 12845],[28540.92, 12841.36],[28539, 12838],[28528, 12825],[28527.33, 12824.33],[28526, 12822],[28524.22, 12819.89],[28523.36, 12818.56],[28522, 12807],[28520.54, 12801.18],[28520, 12792],[28519, 12788.81],[28519, 12787],[28519, 12785],[28519, 12783],[28519, 12778],[28519, 12776],[28519, 12774],[28519, 12769],[28517, 12752],[28517, 12751],[28516.76, 12749],[28517, 12745],[28515.11, 12734.89],[28515, 12734],[28514.75, 12733],[28514, 12729],[28513.25, 12727],[28511, 12718],[28510.56, 12717.22],[28510, 12715],[28510, 12714.99],[28509.92, 12714.33],[28510, 12713],[28508, 12697],[28507.36, 12694.12],[28507, 12688],[28505.54, 12683.33],[28504, 12671],[28502.5, 12667],[28500, 12657],[28496.45, 12650.8],[28496.44, 12650.78],[28493, 12637],[28491.67, 12634.67],[28491, 12632],[28486.56, 12624.24],[28486, 12622],[28485.06, 12620.24],[28484, 12616],[28481.95, 12612.41],[28481.1, 12607.88],[28481, 12607],[28480.75, 12606],[28480, 12602],[28479.25, 12600],[28477, 12591],[28476.56, 12590.22],[28475, 12584],[28472.09, 12578.91],[28471, 12576],[28470.63, 12575.52],[28470, 12573],[28463.33, 12561.33],[28463, 12560],[28461.67, 12557.67],[28461, 12556],[28460.86, 12555.76],[28460, 12553],[28458.29, 12549.14],[28457, 12544],[28453.89, 12538.54],[28452.59, 12533.35],[28452, 12530],[28451.47, 12528.86],[28450, 12523],[28446, 12516],[28445, 12512],[28443.59, 12509.55],[28443.59, 12509.54],[28442, 12496],[28440.5, 12490.02],[28440.1, 12487.88],[28440, 12487],[28439.78, 12486.11],[28438, 12471],[28437.23, 12467.92],[28437, 12464],[28436.78, 12463.12],[28436.78, 12463.11],[28435, 12460],[28433.77, 12455.06],[28428, 12446],[28426.68, 12443.17],[28424, 12440],[28421.5, 12435],[28417, 12428],[28413, 12419],[28412.92, 12418.74],[28407.9, 12408.25],[28406, 12406],[28403.5, 12401],[28399, 12394],[28393, 12378],[28390, 12372],[28382, 12358],[28380.54, 12352.15],[28380, 12351],[28379.25, 12347],[28379.23, 12346.92],[28374.8, 12335.6],[28374, 12334],[28373.68, 12333.16],[28372, 12330],[28369.5, 12322],[28368, 12318],[28367.63, 12316],[28367, 12314],[28362, 12298],[28361.95, 12297.07],[28355.22, 12278.38],[28355, 12278],[28353, 12273],[28352.24, 12271.38],[28352, 12271],[28343.23, 12254.14],[28338, 12246],[28336.22, 12241.27],[28336, 12241],[28334.86, 12238.72],[28332, 12235],[28329, 12227],[28326.24, 12220.37],[28326, 12220],[28325, 12218],[28321, 12211],[28320.33, 12208.33],[28319, 12206],[28315.49, 12191.97],[28314.29, 12188.76],[28313.64, 12187.38],[28313.64, 12187.37],[28312.09, 12184.65],[28298, 12183],[28296, 12183],[28279, 12185],[28263, 12189],[28249, 12197],[28236, 12208],[28225, 12221],[28217, 12235],[28213, 12251],[28211, 12268]]]},"properties":{"objectType":"annotation","classification":{"name":"Ignore*","color":[180, 180, 180]}}},{"type":"Feature","id":"cabb9962-e659-4a6f-9304-54be789b4985","geometry":{"type":"Polygon","coordinates":[[[14219, 20713],[14218, 20702],[14218, 20699],[14214, 20651.8],[14214, 20640],[14213.76, 20637.31],[14214, 20629],[14212, 20618],[14211, 20607],[14208.61, 20599.35],[14208, 20596],[14195, 20547],[14192.46, 20539.85],[14191, 20534],[14188.34, 20526.55],[14188, 20525],[14186.98, 20522.73],[14186, 20520],[14178, 20502.86],[14174, 20494],[14173.6, 20493.44],[14172, 20490],[14155.7, 20468],[14155, 20467],[14154.72, 20466.67],[14152, 20463],[14150.37, 20461.57],[14145.25, 20455.56],[14131, 20429],[14124.17, 20418.94],[14122, 20415],[14118.87, 20411.13],[14112, 20401],[14103.68, 20392.32],[14101, 20389],[14092, 20380],[14091.45, 20379.55],[14089, 20377],[14088.02, 20376.37],[14084, 20372],[14043, 20336],[14036.71, 20331.58],[14035, 20330],[14021.5, 20319.5],[14021, 20319],[14019.5, 20317.94],[14017, 20316],[14013.96, 20314.04],[13994, 20300],[13944, 20273],[13930.7, 20267.85],[13925, 20265],[13915.96, 20261.46],[13868, 20157],[13851, 20128],[13838, 20110],[13837.56, 20109.5],[13817.46, 20078.09],[13817, 20077],[13814.35, 20073.23],[13811, 20068],[13807.09, 20062.91],[13798, 20050],[13725, 19964],[13716.49, 19955.84],[13715, 19954],[13700.25, 19939.25],[13695, 19933],[13674.32, 19917.68],[13671, 19915],[13669.82, 19914.35],[13668, 19913],[13657.99, 19906.63],[13655, 19904],[13568, 19841],[13559.18, 19836.14],[13559, 19836],[13537, 19822],[13531.88, 19819.35],[13522, 19813],[13506.8, 19805.4],[13506.12, 19804.99],[13505, 19804],[13476, 19787],[13367, 19737],[13363.4, 19735.87],[13360, 19734],[13337.96, 19725.04],[13334, 19722],[13304, 19707],[13281, 19698],[13279, 19697],[13184, 19661],[13182.02, 19660.44],[13163, 19653],[13161.17, 19652.49],[13147, 19647],[13129, 19642],[13097, 19633],[13084.31, 19631.08],[13076, 19629],[13055.52, 19625.97],[12927, 19592],[12920.93, 19590.86],[12905, 19587],[12873, 19583],[12872.04, 19582.97],[12864.87, 19581.64],[12863, 19581],[12858.37, 19580.44],[12856, 19580],[12851, 19579.55],[12830, 19577],[12694, 19573],[12691, 19573.18],[12689, 19573],[12674, 19573],[12586, 19565],[12582, 19565],[12571, 19564],[12553, 19564],[12519, 19564],[12512, 19564],[12499.17, 19565.17],[12485, 19566],[12371, 19584],[12364.88, 19585.53],[12361, 19586],[12343, 19590],[12311, 19600],[12307.04, 19602.32],[12214, 19639],[12208.86, 19641.57],[12200, 19645],[12182, 19654],[12170, 19660],[12164, 19663],[12154.87, 19668.87],[12141, 19677],[12109, 19700],[12106.59, 19702.12],[12099, 19707],[12045, 19752],[12036.03, 19761.36],[12034, 19763],[12025, 19772],[12024.33, 19772.83],[12023, 19774],[12002, 19800],[11993.26, 19813.59],[11975, 19839],[11972.76, 19842.82],[11971, 19845],[11944, 19886],[11943.9, 19886.2],[11937, 19896],[11932, 19905],[11931.4, 19906.43],[11931, 19907],[11929.05, 19912.03],[11922.22, 19928.33],[11921, 19929],[11913.86, 19935.29],[11910, 19938],[11904.33, 19943.67],[11896, 19951],[11891.8, 19956.2],[11886, 19962],[11880.73, 19969.91],[11875, 19977],[11870.55, 19983.92],[11852, 20005],[11835, 20034],[11833.29, 20039.48],[11833, 20040],[11829.12, 20052.41],[11828, 20054],[11823, 20063],[11816.88, 20077.59],[11815, 20081],[11813.68, 20085.23],[11810, 20094],[11808.02, 20103.34],[11805, 20113],[11804.27, 20121],[11803, 20127],[11803, 20132.6],[11799, 20147],[11797.88, 20153],[11796, 20159],[11795.29, 20166.76],[11793, 20179],[11793.29, 20188.82],[11793, 20192],[11793, 20196],[11793, 20201],[11793, 20210],[11793, 20232],[11793, 20237],[11793, 20242],[11793, 20246],[11793, 20260],[11793.14, 20261.5],[11793, 20263],[11794.09, 20272],[11796, 20293],[11806, 20325],[11806.14, 20325.26],[11807, 20328],[11819.68, 20350.99],[11820, 20352],[11820.14, 20352.26],[11821, 20355],[11826.62, 20365.2],[11831.16, 20376.91],[11834, 20386],[11836.27, 20390.12],[11837, 20392],[11842.27, 20400.99],[11849.89, 20414.8],[11845, 20424],[11843.75, 20428],[11843.74, 20428.02],[11823, 20467],[11807, 20518],[11804.97, 20539.49],[11804, 20545],[11803.25, 20557.75],[11802, 20571],[11802, 20579],[11804, 20613],[11806.59, 20627.7],[11807, 20632],[11808.88, 20638],[11811, 20647],[11815, 20663],[11821, 20679],[11828, 20695],[11844, 20725],[11854, 20739],[11864, 20752],[11876, 20765],[11882, 20771],[11888, 20777],[11901, 20789],[11914, 20799],[11928, 20809],[11958, 20825],[11974, 20832],[11990, 20838],[12006, 20842],[12015, 20844.12],[12021, 20846],[12025.3, 20846.41],[12040, 20849],[12055.66, 20849.92],[12056, 20851],[12057.49, 20853.7],[12060, 20861],[12070.7, 20877.65],[12072, 20880],[12073.05, 20881.3],[12078, 20889],[12088.68, 20900.65],[12093, 20906],[12104, 20926],[12105.98, 20928.81],[12107, 20931],[12117.37, 20945],[12123, 20953],[12124.14, 20954.14],[12127, 20958],[12136, 20968],[12142.26, 20973.74],[12148, 20980],[12158, 20989],[12170.75, 21001.75],[12188, 21022],[12192.09, 21025.91],[12197, 21032],[12238, 21073],[12241, 21076],[12247, 21082],[12251.27, 21085.45],[12266, 21099],[12297, 21122],[12314, 21132.32],[12315, 21133],[12316.6, 21133.9],[12325, 21139],[12326.71, 21139.59],[12340.15, 21147.15],[12344, 21150],[12390, 21177],[12420, 21191],[12423.69, 21191.78],[12430.12, 21194.41],[12433, 21196],[12473.25, 21212.63],[12486, 21219],[12489.46, 21220.34],[12494, 21223],[12508, 21227.52],[12517, 21231],[12521.13, 21231.75],[12525, 21233],[12580.13, 21245.15],[12594, 21249],[12607, 21251.44],[12609, 21252],[12630.15, 21255.85],[12640, 21258],[12681, 21263],[12687.93, 21263.2],[12697, 21267],[12792, 21294],[12801.75, 21295.52],[12807, 21297],[12928.34, 21319.69],[12933, 21321],[13064, 21343],[13082, 21344.09],[13092, 21345],[13097, 21345],[13183, 21345],[13185, 21344.82],[13188, 21345],[13319, 21341],[13334.09, 21339.17],[13337, 21339],[13350.06, 21337.24],[13352, 21337],[13352.13, 21336.96],[13359.23, 21336],[13391, 21336],[13396, 21336],[13406, 21335.09],[13424, 21334],[13501, 21321],[13502.37, 21320.61],[13586, 21307],[13699, 21289],[13723, 21282.25],[13728, 21281],[13730.22, 21280.22],[13731, 21280],[13731.48, 21279.78],[13805.49, 21253.75],[13841.98, 21247.18],[13844, 21247],[13876, 21238],[13944, 21211],[13961.69, 21201.85],[13968, 21199],[14011.64, 21173.14],[14012, 21173],[14013.47, 21172.05],[14022, 21167],[14029.04, 21162.04],[14040, 21155],[14048.45, 21148.39],[14049, 21148],[14049.12, 21147.86],[14063, 21137],[14075.51, 21125.01],[14078, 21123],[14087, 21114],[14105, 21096],[14106.49, 21094.16],[14115, 21086],[14132.59, 21061],[14139.97, 21051.95],[14142, 21050],[14161, 21023],[14174, 20992],[14174.85, 20989.36],[14175, 20989],[14175.05, 20988.74],[14183, 20964],[14193, 20933],[14194.4, 20926.6],[14196.27, 20920.04],[14199, 20913],[14204, 20895],[14207.18, 20877.5],[14209, 20870],[14210, 20862],[14213, 20838],[14213.2, 20831.35],[14215.3, 20816.24],[14216, 20814],[14216.74, 20805.89],[14217, 20804],[14217.18, 20801],[14219, 20781],[14219, 20771],[14219, 20767],[14219, 20727],[14219, 20713]],[[12809.18, 20839.36],[12811.3, 20843.6],[12792.8, 20837.94],[12809.18, 20839.36]]]},"properties":{"objectType":"annotation","classification":{"name":"Ignore*","color":[180, 180, 180]}}}]}